ARM Address,ARM Function Name,MIPS Address,MIPS Function Name,Similarity Score,Intersection Size,Union Size,UserDefined
0x0003dd94,_Fork,0x00439bd0,_Fork,0.26666666666666666,4,15,0
0x00038b28,_IO_adjust_column,0x00433218,_IO_adjust_column,1.0,12,12,0
0x0005ca10,_IO_adjust_wcolumn,0x004623bc,_IO_adjust_wcolumn,1.0,13,13,0
0x00039320,_IO_cleanup,0x00433a94,_IO_cleanup,0.9090909090909091,20,22,0
0x00038650,_IO_default_doallocate,0x00432c04,_IO_default_doallocate,1.0,14,14,0
0x00038990,_IO_default_finish,0x00432f9c,_IO_default_finish,1.0,12,12,0
0x00039a8c,_IO_default_imbue,0x004343d4,_IO_default_imbue,1.0,1,1,0
0x00039930,_IO_default_pbackfail,0x004341b8,_IO_default_pbackfail,1.0,20,20,0
0x00039a74,_IO_default_read,0x004343bc,_IO_default_read,1.0,2,2,0
0x00039a60,_IO_default_seek,0x004343a8,_IO_default_seek,1.0,2,2,0
0x00038a10,_IO_default_seekoff,0x00433084,_IO_default_seekoff,1.0,2,2,0
0x000385e8,_IO_default_seekpos,0x00432b7c,_IO_default_seekpos,1.0,12,12,0
0x00038500,_IO_default_setbuf,0x00432a3c,_IO_default_setbuf,0.95,19,20,0
0x00039a84,_IO_default_showmanyc,0x004343cc,_IO_default_showmanyc,1.0,2,2,0
0x00039a6c,_IO_default_stat,0x004343b4,_IO_default_stat,1.0,2,2,0
0x00038988,_IO_default_sync,0x00432f94,_IO_default_sync,1.0,2,2,0
0x000382a4,_IO_default_uflow,0x00432654,_IO_default_uflow,1.0,16,16,0
0x0003829c,_IO_default_underflow,0x0043264c,_IO_default_underflow,1.0,2,2,0
0x00039a7c,_IO_default_write,0x004343c4,_IO_default_write,1.0,2,2,0
0x00038444,_IO_default_xsgetn,0x004328dc,_IO_default_xsgetn,1.0,17,17,0
0x000382fc,_IO_default_xsputn,0x004326e8,_IO_default_xsputn,0.9444444444444444,17,18,0
0x000381e4,_IO_doallocbuf,0x00432534,_IO_doallocbuf,1.0,19,19,0
0x000387d8,_IO_enable_locks,0x00432de0,_IO_enable_locks,1.0,12,12,0
0x00036c1c,_IO_file_close,0x004309dc,_IO_file_close,1.0,4,4,0
0x00036bec,_IO_file_close_mmap,0x00430984,_IO_file_close_mmap,1.0,7,7,0
0x0005b2f8,_IO_file_doallocate,0x00460230,_IO_file_doallocate,0.9130434782608695,21,23,0
0x00035234,_IO_file_open,0x0042e6d8,_IO_file_open,0.88,22,25,0
0x00036bc4,_IO_file_read,0x00430904,_IO_file_read,1.0,7,7,0
0x00036bdc,_IO_file_seek,0x00430944,_IO_file_seek,1.0,5,5,0
0x00036b4c,_IO_file_seekoff_maybe_mmap,0x00430860,_IO_file_seekoff_maybe_mmap,1.0,16,16,0
0x000369fc,_IO_file_seekoff_mmap,0x00430688,_IO_file_seekoff_mmap,0.7586206896551724,22,29,0
0x00035484,_IO_file_setbuf_mmap,0x0042ea08,_IO_file_setbuf_mmap,1.0,9,9,0
0x00036be4,_IO_file_stat,0x00430964,_IO_file_stat,1.0,5,5,0
0x0003636c,_IO_file_sync_mmap,0x0042fdd4,_IO_file_sync_mmap,0.75,15,20,0
0x00036028,_IO_file_underflow_maybe_mmap,0x0042f944,_IO_file_underflow_maybe_mmap,1.0,11,11,0
0x00035f9c,_IO_file_underflow_mmap,0x0042f84c,_IO_file_underflow_mmap,0.8947368421052632,17,19,0
0x00036e60,_IO_file_xsgetn,0x00430da4,_IO_file_xsgetn,0.8214285714285714,23,28,0
0x00037180,_IO_file_xsgetn_maybe_mmap,0x00431278,_IO_file_xsgetn_maybe_mmap,1.0,12,12,0
0x00037050,_IO_file_xsgetn_mmap,0x004310b8,_IO_file_xsgetn_mmap,0.95,19,20,0
0x00038b60,_IO_flush_all,0x00433258,_IO_flush_all,0.9047619047619048,19,21,0
0x00038f38,_IO_flush_all_linebuffered,0x00433668,_IO_flush_all_linebuffered,0.9047619047619048,19,21,0
0x000346d8,_IO_fputs,0x0042d5f0,_IO_fputs,0.9090909090909091,20,22,0
0x00037e28,_IO_free_backup_area,0x00431f7c,_IO_free_backup_area,1.0,10,10,0
0x0005c534,_IO_free_wbackup_area,0x00461bec,_IO_free_wbackup_area,1.0,11,11,0
0x0005e598,_IO_fwide,0x00464850,_IO_fwide,0.8125,13,16,0
0x0003493c,_IO_fwrite,0x0042d8d0,_IO_fwrite,0.875,21,24,0
0x000662f0,_IO_getline,0x0046f254,_IO_getline,1.0,2,2,0
0x00066198,_IO_getline_info,0x0046f030,_IO_getline_info,0.85,17,20,0
0x00038744,_IO_init,0x00432d54,_IO_init,0.9166666666666666,11,12,0
0x000386b0,_IO_init_internal,0x00432cc8,_IO_init_internal,0.9166666666666666,11,12,0
0x00039744,_IO_init_marker,0x00433eec,_IO_init_marker,1.0,13,13,0
0x0005ca4c,_IO_init_wmarker,0x00462404,_IO_init_wmarker,0.9285714285714286,13,14,0
0x00039a90,_IO_iter_begin,0x004343dc,_IO_iter_begin,1.0,3,3,0
0x00039aa0,_IO_iter_end,0x004343fc,_IO_iter_end,1.0,2,2,0
0x00039ab0,_IO_iter_file,0x00434410,_IO_iter_file,0.5,1,2,0
0x00039aa8,_IO_iter_next,0x00434404,_IO_iter_next,1.0,3,3,0
0x00037ce8,_IO_least_marker,0x00431ddc,_IO_least_marker,0.75,9,12,0
0x0005bee8,_IO_least_wmarker,0x004611b8,_IO_least_wmarker,0.7692307692307693,10,13,0
0x000378e4,_IO_link_in,0x00431a64,_IO_link_in,0.7083333333333334,17,24,0
0x00039ab4,_IO_list_lock,0x00434418,_IO_list_lock,0.75,12,16,0
0x00039c48,_IO_list_resetlock,0x00434590,_IO_list_resetlock,1.0,2,2,0
0x00039b94,_IO_list_unlock,0x00434504,_IO_list_unlock,0.6428571428571429,9,14,0
0x000397e4,_IO_marker_delta,0x00434008,_IO_marker_delta,0.9,9,10,0
0x000397d4,_IO_marker_difference,0x00433ff8,_IO_marker_difference,1.0,4,4,0
0x000354f4,_IO_new_do_write,0x0042eaac,_IO_new_do_write,0.6,6,10,0
0x0005b438,_IO_new_fclose,0x004603f0,_IO_new_fclose,0.8,20,25,0
0x00035354,_IO_new_file_attach,0x0042e868,_IO_new_file_attach,0.782608695652174,18,23,0
0x00035518,_IO_new_file_close_it,0x0042eb04,_IO_new_file_close_it,1.0,20,20,0
0x00035b04,_IO_new_file_finish,0x0042f278,_IO_new_file_finish,1.0,17,17,0
0x000356a4,_IO_new_file_fopen,0x0042ed24,_IO_new_file_fopen,0.8846153846153846,23,26,0
0x000351fc,_IO_new_file_init,0x0042e67c,_IO_new_file_init,1.0,8,8,0
0x000351c4,_IO_new_file_init_internal,0x0042e620,_IO_new_file_init_internal,1.0,8,8,0
0x0003607c,_IO_new_file_overflow,0x0042f9dc,_IO_new_file_overflow,0.84,21,25,0
0x00036404,_IO_new_file_seekoff,0x0042fe80,_IO_new_file_seekoff,0.8235294117647058,28,34,0
0x0003544c,_IO_new_file_setbuf,0x0042e9a8,_IO_new_file_setbuf,0.7,7,10,0
0x00036264,_IO_new_file_sync,0x0042fc6c,_IO_new_file_sync,0.9047619047619048,19,21,0
0x00035ba4,_IO_new_file_underflow,0x0042f37c,_IO_new_file_underflow,0.8518518518518519,23,27,0
0x00036c24,_IO_new_file_write,0x004309fc,_IO_new_file_write,0.9,18,20,0
0x00036cc4,_IO_new_file_xsputn,0x00430b08,_IO_new_file_xsputn,0.8695652173913043,20,23,0
0x0005b914,_IO_new_fopen,0x00460a08,_IO_new_fopen,1.0,3,3,0
0x000388ac,_IO_no_init,0x00432ec4,_IO_no_init,0.9230769230769231,12,13,0
0x0003882c,_IO_old_init,0x00432e44,_IO_old_init,0.9166666666666666,11,12,0
0x00039798,_IO_remove_marker,0x00433fa8,_IO_remove_marker,1.0,10,10,0
0x00039818,_IO_seekmark,0x00434064,_IO_seekmark,1.0,13,13,0
0x0005cae8,_IO_seekwmark,0x00462534,_IO_seekwmark,1.0,13,13,0
0x00038190,_IO_setb,0x00432490,_IO_setb,1.0,12,12,0
0x000383ec,_IO_sgetn,0x0043285c,_IO_sgetn,1.0,11,11,0
0x00038a1c,_IO_sputbackc,0x00433090,_IO_sputbackc,0.8947368421052632,17,19,0
0x0005c908,_IO_sputbackwc,0x00462230,_IO_sputbackwc,1.0,17,17,0
0x000103c0,_IO_stdfiles_init,0x004008d4,_IO_stdfiles_init,0.9090909090909091,10,11,0
0x0003a158,_IO_str_count,0x00434ce0,_IO_str_count,0.8888888888888888,8,9,0
0x0003a454,_IO_str_finish,0x00435148,_IO_str_finish,0.9,9,10,0
0x00039f14,_IO_str_init_readonly,0x0043497c,_IO_str_init_readonly,0.8125,13,16,0
0x00039e8c,_IO_str_init_static,0x004348a0,_IO_str_init_static,0.75,12,16,0
0x00039e08,_IO_str_init_static_internal,0x004347d0,_IO_str_init_static_internal,0.9230769230769231,12,13,0
0x00039f90,_IO_str_overflow,0x00434a40,_IO_str_overflow,0.9565217391304348,22,23,0
0x0003a434,_IO_str_pbackfail,0x00435104,_IO_str_pbackfail,0.5714285714285714,8,14,0
0x0003a174,_IO_str_seekoff,0x00434d08,_IO_str_seekoff,0.8,24,30,0
0x0003a114,_IO_str_underflow,0x00434c6c,_IO_str_underflow,0.9230769230769231,12,13,0
0x00038aac,_IO_sungetc,0x0043315c,_IO_sungetc,0.9444444444444444,17,18,0
0x0005c994,_IO_sungetwc,0x004622fc,_IO_sungetwc,1.0,16,16,0
0x00037d4c,_IO_switch_to_backup_area,0x00431e58,_IO_switch_to_backup_area,1.0,5,5,0
0x00037d80,_IO_switch_to_get_mode,0x00431e8c,_IO_switch_to_get_mode,1.0,17,17,0
0x00037d18,_IO_switch_to_main_get_area,0x00431e20,_IO_switch_to_main_get_area,1.0,5,5,0
0x0005bf20,_IO_switch_to_main_wget_area,0x00461204,_IO_switch_to_main_wget_area,1.0,5,5,0
0x0005bf58,_IO_switch_to_wbackup_area,0x00461240,_IO_switch_to_wbackup_area,1.0,5,5,0
0x0005c4b0,_IO_switch_to_wget_mode,0x00461b34,_IO_switch_to_wget_mode,1.0,12,12,0
0x000378d4,_IO_un_link,0x004316b8,_IO_un_link,0.4117647058823529,7,17,0
0x000398c8,_IO_unsave_markers,0x00434118,_IO_unsave_markers,0.9090909090909091,10,11,0
0x0005cba8,_IO_unsave_wmarkers,0x00462604,_IO_unsave_wmarkers,1.0,11,11,0
0x00034bdc,_IO_vtable_check,0x0042dec0,_IO_vtable_check,1.0,1,1,0
0x0005c448,_IO_wdefault_doallocate,0x00461a64,_IO_wdefault_doallocate,1.0,14,14,0
0x0005c148,_IO_wdefault_finish,0x00461520,_IO_wdefault_finish,1.0,12,12,0
0x0005bfec,_IO_wdefault_pbackfail,0x0046132c,_IO_wdefault_pbackfail,0.9090909090909091,20,22,0
0x0005c1c8,_IO_wdefault_uflow,0x004615ec,_IO_wdefault_uflow,0.9375,15,16,0
0x0005c824,_IO_wdefault_xsgetn,0x004620b4,_IO_wdefault_xsgetn,0.9,18,20,0
0x0005c288,_IO_wdefault_xsputn,0x00461770,_IO_wdefault_xsputn,0.9523809523809523,20,21,0
0x0005cd14,_IO_wdo_write,0x00462808,_IO_wdo_write,0.8636363636363636,19,22,0
0x0005c3b8,_IO_wdoallocbuf,0x0046196c,_IO_wdoallocbuf,1.0,14,14,0
0x0005d774,_IO_wfile_overflow,0x00463588,_IO_wfile_overflow,0.8181818181818182,18,22,0
0x0005dba0,_IO_wfile_seekoff,0x00463aec,_IO_wfile_seekoff,0.8529411764705882,29,34,0
0x0005da0c,_IO_wfile_sync,0x004638c4,_IO_wfile_sync,0.8636363636363636,19,22,0
0x0005ce7c,_IO_wfile_underflow,0x004629f4,_IO_wfile_underflow,0.8,24,30,0
0x0005d748,_IO_wfile_underflow_maybe_mmap,0x00463520,_IO_wfile_underflow_maybe_mmap,0.75,6,8,0
0x0005d5e4,_IO_wfile_underflow_mmap,0x00463330,_IO_wfile_underflow_mmap,0.8947368421052632,17,19,0
0x0005e454,_IO_wfile_xsputn,0x00464660,_IO_wfile_xsputn,0.9523809523809523,20,21,0
0x0005caa8,_IO_wmarker_delta,0x004624cc,_IO_wmarker_delta,0.9090909090909091,10,11,0
0x0005bf90,_IO_wsetb,0x00461278,_IO_wsetb,1.0,12,12,0
0x0006f0f4,_Unwind_DebugHook,0x0047c320,_Unwind_DebugHook,1.0,1,1,0
0x0006f3e0,_Unwind_DeleteException,0x0047c918,_Unwind_DeleteException,0.7142857142857143,5,7,0
0x0006f278,_Unwind_GetCFA,0x0047c0a4,_Unwind_GetCFA,0.6,3,5,0
0x000103b0,_Unwind_GetDataRelBase,0x0047c1dc,_Unwind_GetDataRelBase,0.2,1,5,0
0x0006f454,_Unwind_GetGR,0x0047afc8,_Unwind_GetGR,0.21428571428571427,3,14,0
0x0007032c,_Unwind_GetLanguageSpecificData,0x0047c180,_Unwind_GetLanguageSpecificData,0.375,3,8,0
0x0007031c,_Unwind_GetRegionStart,0x0047c18c,_Unwind_GetRegionStart,0.6,3,5,0
0x000103b8,_Unwind_GetTextRelBase,0x0047c1e8,_Unwind_GetTextRelBase,0.2,1,5,0
0x0006f4dc,_Unwind_SetGR,0x0047c0b0,_Unwind_SetGR,0.2,3,15,0
0x0001fe90,____strtol_l_internal,0x004130e0,____strtol_l_internal,0.8,24,30,0
0x0002eefc,____strtoul_l_internal,0x00426180,____strtoul_l_internal,0.8214285714285714,23,28,0
0x00057514,___asprintf,0x0045b090,___asprintf,0.8333333333333334,5,6,0
0x0006be18,___dlmopen,0x00476548,___dlmopen,0.5454545454545454,6,11,0
0x0006bf78,___dlopen,0x00476700,___dlopen,0.5454545454545454,6,11,0
0x0006c030,___dlsym,0x0047684c,___dlsym,0.7272727272727273,8,11,0
0x0006c108,___dlvsym,0x004769d4,___dlvsym,0.7272727272727273,8,11,0
0x00059d18,___printf_fp,0x0045e5d4,___printf_fp,0.8181818181818182,9,11,0
0x0003aec4,___pthread_mutex_lock,0x00435e00,___pthread_mutex_lock,0.7692307692307693,20,26,0
0x0003b9f0,___pthread_mutex_unlock,0x00436a5c,___pthread_mutex_unlock,1.0,3,3,0
0x0003bbf8,___pthread_once,0x00436d4c,___pthread_once,0.8888888888888888,8,9,0
0x0005f3bc,___pthread_rwlock_init,0x004659b0,___pthread_rwlock_init,0.8125,13,16,0
0x0005f40c,___pthread_rwlock_rdlock,0x00465a30,___pthread_rwlock_rdlock,0.75,21,28,0
0x0005f6e0,___pthread_rwlock_unlock,0x00465d90,___pthread_rwlock_unlock,0.7391304347826086,17,23,0
0x0005f960,___pthread_rwlock_wrlock,0x00466070,___pthread_rwlock_wrlock,0.8214285714285714,23,28,0
0x0005ec38,___vsnprintf,0x004650d8,___vsnprintf,0.8333333333333334,10,12,0
0x0002e7f4,__add_to_environ,0x00425870,__add_to_environ,0.8095238095238095,17,21,0
0x00028710,__alloc_dir,0x0041d81c,__alloc_dir,0.8,12,15,0
0x0005fe4c,__argz_add_sep,0x00466670,__argz_add_sep,0.875,14,16,0
0x0005ff10,__argz_create_sep,0x00466790,__argz_create_sep,0.8823529411764706,15,17,0
0x0006c21c,__atomic_wide_counter_fetch_add_relaxed,0x00476bc0,__atomic_wide_counter_fetch_add_relaxed,0.75,12,16,0
0x0006c274,__atomic_wide_counter_load_relaxed,0x00476c24,__atomic_wide_counter_load_relaxed,0.5789473684210527,11,19,0
0x0002b680,__bind,0x00421950,__bind,0.4,4,10,0
0x0002a6d4,__brk,0x004201c0,__brk,0.2727272727272727,3,11,0
0x0001f2b8,__bsd_signal,0x004123f0,__bsd_signal,0.9047619047619048,19,21,0
0x00029900,__chdir,0x0041efd0,__chdir,0.4,4,10,0
0x0003ed7c,__chk_fail,0x0043b2d0,__chk_fail,1.0,3,3,0
0x0002ece8,__clearenv,0x00425ee8,__clearenv,0.6470588235294118,11,17,0
0x00028538,__clock_gettime,0x0041d4d8,__clock_gettime,0.9166666666666666,11,12,0
0x00028408,__clock_gettime64,0x0041d3a0,__clock_gettime64,0.9444444444444444,17,18,0
0x0006070c,__clock_nanosleep,0x0046744c,__clock_nanosleep,0.5625,9,16,0
0x00060668,__clock_nanosleep_time64,0x00467370,__clock_nanosleep_time64,0.5714285714285714,8,14,0
0x0002991c,__close,0x0041f010,__close,0.8235294117647058,14,17,0
0x0002a2b8,__close_nocancel,0x0041fd60,__close_nocancel,0.5833333333333334,7,12,0
0x0002859c,__closedir,0x0041d580,__closedir,0.9,9,10,0
0x000204e0,__correctly_grouped_prefixmb,0x00413840,__correctly_grouped_prefixmb,0.75,15,20,0
0x0002a5b8,__cp_stat64_t64_stat64,0x00420080,__cp_stat64_t64_stat64,0.8,12,15,0
0x0002e5e8,__ctype_b_loc,0x00425610,__ctype_b_loc,0.6,3,5,0
0x0002e644,__ctype_init,0x00425670,__ctype_init,0.75,6,8,0
0x0002e624,__ctype_tolower_loc,0x00425650,__ctype_tolower_loc,0.3333333333333333,2,6,0
0x0002e604,__ctype_toupper_loc,0x00425630,__ctype_toupper_loc,0.3333333333333333,2,6,0
0x00064658,__current_locale_name,0x0046c8a0,__current_locale_name,0.6666666666666666,6,9,0
0x0001f93c,__cxa_atexit,0x00412bcc,__cxa_atexit,1.0,3,3,0
0x00052178,__dcgettext,0x004543d0,__dcgettext,1.0,2,2,0
0x00052da8,__dcigettext,0x00455454,__dcigettext,0.7857142857142857,22,28,0
0x0006a860,__dl_find_object,0x0047489c,__dl_find_object,0.84,21,25,0
0x00061e7c,__dl_libc_freemem,0x00469338,__dl_libc_freemem,1.0,13,13,0
0x0006b77c,__dladdr,0x00475c60,__dladdr,1.0,2,2,0
0x0006b788,__dladdr1,0x00475c80,__dladdr1,1.0,8,8,0
0x0006b7b0,__dlclose,0x00475cd0,__dlclose,0.6666666666666666,6,9,0
0x0006b7d8,__dlerror,0x00475d10,__dlerror,0.9411764705882353,16,17,0
0x0006bcd4,__dlinfo,0x004763c8,__dlinfo,1.0,5,5,0
0x0006bdd0,__dlmopen,0x004764d4,__dlmopen,0.5454545454545454,6,11,0
0x0006bf34,__dlopen,0x00476698,__dlopen,0.6666666666666666,6,9,0
0x0006bfd0,__dlsym,0x004767bc,__dlsym,0.8,8,10,0
0x0006c0a8,__dlvsym,0x00476940,__dlvsym,0.8,8,10,0
0x000104bc,__do_global_dtors_aux,0x004009fc,__do_global_dtors_aux,0.75,6,8,0
0x0001f284,__errno_location,0x004123a0,__errno_location,0.2857142857142857,2,7,0
0x0002a2fc,__fcntl64_nocancel,0x0041fe90,__fcntl64_nocancel,0.13333333333333333,2,15,0
0x0002a3b8,__fcntl64_nocancel_adjusted,0x0041fdc0,__fcntl64_nocancel_adjusted,0.8125,13,16,0
0x00066a78,__fdopendir,0x0046fd20,__fdopendir,0.9333333333333333,14,15,0
0x0005ecc4,__fgets_unlocked,0x004651a0,__fgets_unlocked,0.9473684210526315,18,19,0
0x0005b82c,__fopen_internal,0x0046089c,__fopen_internal,1.0,14,14,0
0x0005b7c4,__fopen_maybe_mmap,0x00460820,__fopen_maybe_mmap,0.8461538461538461,11,13,0
0x0003ed90,__fortify_fail,0x0043b300,__fortify_fail,1.0,3,3,0
0x0002fbcc,__fprintf,0x004270c0,__fprintf,1.0,6,6,0
0x00029cb4,__fstat64,0x0041f4b4,__fstat64,0.9230769230769231,12,13,0
0x00029c70,__fstat64_time64,0x0041f470,__fstat64_time64,0.7272727272727273,8,11,0
0x00029f50,__fstatat64,0x0041f7fc,__fstatat64,1.0,9,9,0
0x00029d30,__fstatat64_time64,0x0041f560,__fstatat64_time64,0.8181818181818182,18,22,0
0x00057544,__funlockfile,0x0045b0e0,__funlockfile,0.6875,11,16,0
0x0005edf4,__futex_abstimed_wait64,0x004654f0,__futex_abstimed_wait64,0.11764705882352941,2,17,0
0x0005eea4,__futex_abstimed_wait_cancelable64,0x00465534,__futex_abstimed_wait_cancelable64,0.1,2,20,0
0x0005efc4,__futex_lock_pi64,0x0046557c,__futex_lock_pi64,0.75,12,16,0
0x00070630,__gcc_personality_v0,0x004801f4,__gcc_personality_v0,0.7894736842105263,15,19,0
0x00062338,__gconv,0x004698f0,__gconv,0.8571428571428571,18,21,0
0x00047944,__gconv_alias_compare,0x00448580,__gconv_alias_compare,1.0,3,3,0
0x00049aa4,__gconv_btwoc_ascii,0x0044b260,__gconv_btwoc_ascii,0.3,3,10,0
0x00050ff8,__gconv_cache_freemem,0x00452e74,__gconv_cache_freemem,0.8571428571428571,6,7,0
0x00062538,__gconv_close,0x00469b80,__gconv_close,0.9166666666666666,11,12,0
0x00048928,__gconv_close_transform,0x004499e0,__gconv_close_transform,0.8095238095238095,17,21,0
0x00048558,__gconv_compare_alias,0x00449534,__gconv_compare_alias,0.9230769230769231,12,13,0
0x00050b2c,__gconv_compare_alias_cache,0x004527fc,__gconv_compare_alias_cache,0.9090909090909091,10,11,0
0x000499c4,__gconv_conf_freemem,0x0044b0e8,__gconv_conf_freemem,0.6666666666666666,6,9,0
0x00062720,__gconv_create_spec,0x00469e70,__gconv_create_spec,0.8333333333333334,20,24,0
0x00048a9c,__gconv_db_freemem,0x00449ba0,__gconv_db_freemem,1.0,8,8,0
0x000629e0,__gconv_destroy_spec,0x0046a1f8,__gconv_destroy_spec,1.0,4,4,0
0x00051308,__gconv_dl_freemem,0x00453280,__gconv_dl_freemem,1.0,5,5,0
0x000510f4,__gconv_find_shlib,0x00453020,__gconv_find_shlib,0.75,15,20,0
0x0004862c,__gconv_find_transform,0x00449674,__gconv_find_transform,0.8421052631578947,16,19,0
0x00047a98,__gconv_get_alias_db,0x00448830,__gconv_get_alias_db,1.0,2,2,0
0x000499f0,__gconv_get_builtin_trans,0x0044b140,__gconv_get_builtin_trans,1.0,13,13,0
0x0005091c,__gconv_get_cache,0x0045253c,__gconv_get_cache,1.0,2,2,0
0x00047a88,__gconv_get_modules_db,0x00448810,__gconv_get_modules_db,1.0,2,2,0
0x00048b38,__gconv_get_path,0x00449c90,__gconv_get_path,0.9545454545454546,21,22,0
0x0005092c,__gconv_load_cache,0x0045255c,__gconv_load_cache,1.0,19,19,0
0x000499a4,__gconv_load_conf,0x0044b0c4,__gconv_load_conf,1.0,3,3,0
0x00050bbc,__gconv_lookup_cache,0x004528cc,__gconv_lookup_cache,0.9130434782608695,21,23,0
0x00061fdc,__gconv_open,0x004694f0,__gconv_open,0.8461538461538461,22,26,0
0x00049698,__gconv_read_conf,0x0044ac04,__gconv_read_conf,0.8636363636363636,19,22,0
0x00050fdc,__gconv_release_cache,0x00452e38,__gconv_release_cache,0.7142857142857143,5,7,0
0x000512e4,__gconv_release_shlib,0x00453258,__gconv_release_shlib,1.0,5,5,0
0x00047aac,__gconv_release_step,0x00448850,__gconv_release_step,0.8,12,15,0
0x0004b344,__gconv_transform_ascii_internal,0x0044cd5c,__gconv_transform_ascii_internal,0.9230769230769231,24,26,0
0x0004b7ac,__gconv_transform_internal_ascii,0x0044d1f0,__gconv_transform_internal_ascii,0.0,0,29,0
0x0004e3e8,__gconv_transform_internal_ucs2,0x0044fde0,__gconv_transform_internal_ucs2,0.0,0,29,0
0x0004f744,__gconv_transform_internal_ucs2reverse,0x004511b4,__gconv_transform_internal_ucs2reverse,0.0,0,29,0
0x00049ab4,__gconv_transform_internal_ucs4,0x0044b280,__gconv_transform_internal_ucs4,0.7058823529411765,24,34,0
0x0004a744,__gconv_transform_internal_ucs4le,0x0044bec8,__gconv_transform_internal_ucs4le,0.7419354838709677,23,31,0
0x0004c2f0,__gconv_transform_internal_utf8,0x0044dce8,__gconv_transform_internal_utf8,0.896551724137931,26,29,0
0x0004dc70,__gconv_transform_ucs2_internal,0x0044f68c,__gconv_transform_ucs2_internal,0.9285714285714286,26,28,0
0x0004efb0,__gconv_transform_ucs2reverse_internal,0x004509f8,__gconv_transform_ucs2reverse_internal,0.9655172413793104,28,29,0
0x0004a080,__gconv_transform_ucs4_internal,0x0044b838,__gconv_transform_ucs4_internal,0.0,0,31,0
0x0004ac48,__gconv_transform_ucs4le_internal,0x0044c560,__gconv_transform_ucs4le_internal,0.8064516129032258,25,31,0
0x0004cf58,__gconv_transform_utf8_internal,0x0044e970,__gconv_transform_utf8_internal,0.9666666666666667,29,30,0
0x0005031c,__gconv_transliterate,0x00451e00,__gconv_transliterate,0.7692307692307693,20,26,0
0x0002abe0,__get_avphys_pages,0x004209b0,__get_avphys_pages,0.8,12,15,0
0x0006c1f4,__get_child_max,0x00476b60,__get_child_max,0.8181818181818182,9,11,0
0x0005b2bc,__get_errlist,0x004601d0,__get_errlist,1.0,9,9,0
0x00033a8c,__get_errname,0x0042c720,__get_errname,1.0,12,12,0
0x0002ab0c,__get_nprocs,0x004207c8,__get_nprocs,0.8571428571428571,6,7,0
0x0002ab44,__get_nprocs_conf,0x0042085c,__get_nprocs_conf,0.8571428571428571,6,7,0
0x0002aac0,__get_nprocs_sched,0x00420750,__get_nprocs_sched,0.23076923076923078,3,13,0
0x0002ab7c,__get_phys_pages,0x004208f0,__get_phys_pages,0.8,12,15,0
0x0006719c,__getclktck,0x00470560,__getclktck,0.5,3,6,0
0x00060970,__getcwd,0x004676e0,__getcwd,0.7586206896551724,22,29,0
0x0005b91c,__getdelim,0x00460a30,__getdelim,0.8461538461538461,22,26,0
0x0003dbf4,__getdents,0x00439990,__getdents,0.8076923076923077,21,26,0
0x0003dd44,__getdents64,0x00439b60,__getdents64,0.38461538461538464,5,13,0
0x000671c4,__getdtablesize,0x004705a0,__getdtablesize,0.8888888888888888,8,9,0
0x0003e1b8,__getpagesize,0x0043a230,__getpagesize,1.0,6,6,0
0x00028e80,__getpid,0x0041e240,__getpid,0.6666666666666666,2,3,0
0x00028ea0,__getppid,0x0041e260,__getppid,0.6666666666666666,2,3,0
0x0002b770,__getsockname,0x00421ad0,__getsockname,0.4,4,10,0
0x0002b790,__getsockopt,0x00421b10,__getsockopt,0.8461538461538461,11,13,0
0x00056b08,__gettext_extract_plural,0x0045a280,__gettext_extract_plural,0.9090909090909091,20,22,0
0x0005616c,__gettext_free_exp,0x00459660,__gettext_free_exp,1.0,9,9,0
0x000561bc,__gettextparse,0x00459720,__gettextparse,0.8928571428571429,25,28,0
0x00025564,__glibc_morecore,0x004195c4,__glibc_morecore,0.75,6,8,0
0x000575f4,__grouping_iterator_init,0x0045b1b0,__grouping_iterator_init,0.7083333333333334,17,24,0
0x000575c8,__grouping_iterator_init_none,0x0045b170,__grouping_iterator_init_none,0.5714285714285714,4,7,0
0x000576e0,__grouping_iterator_next,0x0045b308,__grouping_iterator_next,0.631578947368421,12,19,0
0x0005ab7c,__handle_registered_modifier_mb,0x0045f820,__handle_registered_modifier_mb,1.0,19,19,0
0x0005acb8,__handle_registered_modifier_wc,0x0045f988,__handle_registered_modifier_wc,0.9473684210526315,18,19,0
0x00056c0c,__hash_string,0x0045a400,__hash_string,0.9333333333333333,14,15,0
0x0002bdf0,__inet_addr,0x00422594,__inet_addr,0.875,7,8,0
0x0002bd98,__inet_aton_exact,0x004224d8,__inet_aton_exact,0.8333333333333334,10,12,0
0x0002bdd8,__inet_aton_ignore_trailing,0x0042255c,__inet_aton_ignore_trailing,1.0,4,4,0
0x0003ed34,__init_misc,0x0043b240,__init_misc,0.9,9,10,0
0x0003bc30,__init_sched_fifo_prio,0x00436da0,__init_sched_fifo_prio,1.0,4,4,0
0x0001f7cc,__internal_atexit,0x00412a50,__internal_atexit,0.6666666666666666,12,18,0
0x000535bc,__intl_freemem,0x00455e20,__intl_freemem,1.0,9,9,0
0x0002ac44,__ioctl,0x00420a80,__ioctl,0.375,6,16,0
0x00061210,__isatty,0x00468150,__isatty,0.8571428571428571,6,7,0
0x0001fe4c,__isoc23_strtol,0x00413088,__isoc23_strtol,0.5555555555555556,5,9,0
0x000204bc,__isoc23_strtol_l,0x00413800,__isoc23_strtol_l,1.0,2,2,0
0x0002eeb8,__isoc23_strtoul,0x00426128,__isoc23_strtoul,0.5555555555555556,5,9,0
0x0002f498,__isoc23_strtoul_l,0x00426824,__isoc23_strtoul_l,1.0,2,2,0
0x0001f590,__kill,0x004127a0,__kill,0.5555555555555556,5,9,0
0x0002b5b4,__libc_accept,0x00421810,__libc_accept,0.8235294117647058,14,17,0
0x0005ed78,__libc_alloca_cutoff,0x004652a0,__libc_alloca_cutoff,0.5625,9,16,0
0x0002e594,__libc_assert_fail,0x00425590,__libc_assert_fail,1.0,6,6,0
0x0002976c,__libc_atfork_freemem,0x0041ed74,__libc_atfork_freemem,0.6875,11,16,0
0x00026a60,__libc_calloc,0x0041b06c,__libc_calloc,0.8888888888888888,24,27,0
0x0002e4dc,__libc_check_standard_fds,0x00425440,__libc_check_standard_fds,1.0,2,2,0
0x0003a660,__libc_cleanup_pop_restore,0x0043541c,__libc_cleanup_pop_restore,0.8235294117647058,14,17,0
0x0003a5dc,__libc_cleanup_push_defer,0x004353a0,__libc_cleanup_push_defer,0.8571428571428571,12,14,0
0x0002b6a0,__libc_connect,0x00421990,__libc_connect,0.8235294117647058,14,17,0
0x00061e04,__libc_dlclose,0x00469298,__libc_dlclose,1.0,8,8,0
0x0006c168,__libc_dlerror_result_free,0x00476a70,__libc_dlerror_result_free,0.7857142857142857,11,14,0
0x00061b98,__libc_dlopen_mode,0x00468f28,__libc_dlopen_mode,0.8181818181818182,9,11,0
0x00061c94,__libc_dlsym,0x0046909c,__libc_dlsym,0.8571428571428571,12,14,0
0x00061c24,__libc_dlsym_private,0x00468fec,__libc_dlsym_private,0.8571428571428571,12,14,0
0x00061d04,__libc_dlvsym,0x0046914c,__libc_dlvsym,0.95,19,20,0
0x0003c2e4,__libc_dynarray_at_failure,0x00437680,__libc_dynarray_at_failure,1.0,4,4,0
0x0003c31c,__libc_dynarray_emplace_enlarge,0x004376e0,__libc_dynarray_emplace_enlarge,0.9523809523809523,20,21,0
0x0002e330,__libc_early_init,0x00425220,__libc_early_init,0.7777777777777778,14,18,0
0x000208d0,__libc_fatal,0x0042de90,__libc_fatal,1.0,3,3,0
0x000299d4,__libc_fcntl,0x0041f130,__libc_fcntl,0.7619047619047619,16,21,0
0x00028934,__libc_fork,0x0041dc50,__libc_fork,0.8181818181818182,18,22,0
0x00025fe0,__libc_free,0x0041a318,__libc_free,0.9047619047619048,19,21,0
0x0002e50c,__libc_init_first,0x004254b0,__libc_init_first,1.0,4,4,0
0x00055944,__libc_localealias_freemem,0x00458be4,__libc_localealias_freemem,1.0,4,4,0
0x000272e0,__libc_mallinfo,0x0041bb54,__libc_mallinfo,1.0,5,5,0
0x000271d4,__libc_mallinfo2,0x0041b9b0,__libc_mallinfo2,0.8823529411764706,15,17,0
0x000257d4,__libc_malloc,0x004198a0,__libc_malloc,0.8846153846153846,23,26,0
0x00027580,__libc_mallopt,0x0041bed0,__libc_mallopt,0.7619047619047619,16,21,0
0x000268c8,__libc_memalign,0x0041ae28,__libc_memalign,1.0,5,5,0
0x000206f4,__libc_message_impl,0x0042dc20,__libc_message_impl,1.0,19,19,0
0x00029f88,__libc_open,0x0041f880,__libc_open,0.6842105263157895,13,19,0
0x00061290,__libc_openat64,0x00468300,__libc_openat64,0.8,16,20,0
0x0005add4,__libc_printf_freemem,0x0045fad8,__libc_printf_freemem,0.8333333333333334,10,12,0
0x000269dc,__libc_pvalloc,0x0041afb4,__libc_pvalloc,0.8235294117647058,14,17,0
0x0002a0a0,__libc_read,0x0041fa10,__libc_read,0.8235294117647058,14,17,0
0x000262b0,__libc_realloc,0x0041a6d8,__libc_realloc,0.9310344827586207,27,29,0
0x0002b7fc,__libc_recv,0x00421bf0,__libc_recv,0.8235294117647058,14,17,0
0x0002b8d4,__libc_recvfrom,0x00421d50,__libc_recvfrom,0.8235294117647058,14,17,0
0x0003c184,__libc_scratch_buffer_grow_preserve,0x00437420,__libc_scratch_buffer_grow_preserve,0.8235294117647058,14,17,0
0x0003c224,__libc_scratch_buffer_set_array_size,0x00437530,__libc_scratch_buffer_set_array_size,0.7272727272727273,16,22,0
0x0002b9b4,__libc_send,0x00421ed0,__libc_send,0.8235294117647058,14,17,0
0x0002ba8c,__libc_sendto,0x00422030,__libc_sendto,0.8235294117647058,14,17,0
0x0002edec,__libc_setenv_freemem,0x00426028,__libc_setenv_freemem,1.0,5,5,0
0x0001ef94,__libc_setup_tls,0x00412000,__libc_setup_tls,0.9166666666666666,22,24,0
0x0001f400,__libc_sigaction,0x004125c0,__libc_sigaction,0.55,11,20,0
0x0001ec3c,__libc_start_call_main,0x00411c74,__libc_start_call_main,0.9411764705882353,16,17,0
0x0001ece0,__libc_start_main_impl,0x00411d64,__libc_start_main_impl,1.0,16,16,0
0x0002698c,__libc_valloc,0x0041af38,__libc_valloc,0.625,5,8,0
0x0002a1f0,__libc_write,0x0041fc30,__libc_write,0.8235294117647058,14,17,0
0x0005e884,__libio_codecvt_encoding,0x00464b74,__libio_codecvt_encoding,0.625,5,8,0
0x0005e7b8,__libio_codecvt_in,0x00464aac,__libio_codecvt_in,0.5882352941176471,10,17,0
0x0005e8b0,__libio_codecvt_length,0x00464bb8,__libio_codecvt_length,0.7777777777777778,14,18,0
0x0005e6ec,__libio_codecvt_out,0x004649e4,__libio_codecvt_out,0.5882352941176471,10,17,0
0x000392e0,__libio_freemem,0x00433a24,__libio_freemem,0.9,9,10,0
0x0002b7e0,__listen,0x00421bb0,__listen,0.4,4,10,0
0x00020964,__lll_lock_wait,0x00413b88,__lll_lock_wait,0.45454545454545453,5,11,0
0x000208e8,__lll_lock_wait_private,0x00413af0,__lll_lock_wait_private,0.45454545454545453,5,11,0
0x00020a04,__lll_lock_wake,0x00413c50,__lll_lock_wake,1.0,2,2,0
0x000209e4,__lll_lock_wake_private,0x00413c34,__lll_lock_wake_private,1.0,2,2,0
0x00067110,__lseek,0x00468190,__lseek,0.9375,15,16,0
0x0003dfdc,__lseek64,0x00439f80,__lseek64,0.7222222222222222,13,18,0
0x00061248,__lstat64,0x00468274,__lstat64,1.0,6,6,0
0x00061230,__lstat64_time64,0x00468250,__lstat64_time64,1.0,2,2,0
0x0002acb0,__madvise,0x00420b00,__madvise,0.4,4,10,0
0x00026104,__malloc_arena_thread_freeres,0x0041a4d8,__malloc_arena_thread_freeres,0.8695652173913043,20,23,0
0x0002b1ac,__malloc_default_thp_pagesize,0x00421280,__malloc_default_thp_pagesize,0.7777777777777778,14,18,0
0x0002559c,__malloc_fork_lock_parent,0x00419628,__malloc_fork_lock_parent,0.6875,11,16,0
0x00025724,__malloc_fork_unlock_child,0x00419808,__malloc_fork_unlock_child,0.7333333333333333,11,15,0
0x0002566c,__malloc_fork_unlock_parent,0x0041971c,__malloc_fork_unlock_parent,0.7857142857142857,11,14,0
0x0002b304,__malloc_hugepage_config,0x00421474,__malloc_hugepage_config,0.71875,23,32,0
0x000211cc,__malloc_info,0x00414710,__malloc_info,0.8148148148148148,22,27,0
0x0002734c,__malloc_stats,0x0041bc08,__malloc_stats,0.8947368421052632,17,19,0
0x0002b240,__malloc_thp_mode,0x0042135c,__malloc_thp_mode,1.0,10,10,0
0x00026ecc,__malloc_trim,0x0041b598,__malloc_trim,0.8518518518518519,23,27,0
0x0002719c,__malloc_usable_size,0x0041b960,__malloc_usable_size,1.0,11,11,0
0x0003c468,__memchr,0x00437900,__memchr,0.76,19,25,0
0x000666e0,__memmem,0x0046f724,__memmem,0.92,23,25,0
0x0005ffc8,__memrchr,0x004668b0,__memrchr,0.782608695652174,18,23,0
0x0002accc,__mmap,0x00420b30,__mmap,0.9375,15,16,0
0x0003e20c,__mmap64,0x0043a290,__mmap64,0.6818181818181818,15,22,0
0x0006b6b0,__mpn_add_n,0x00475a70,__mpn_add_n,0.75,12,16,0
0x0006b730,__mpn_addmul_1,0x00475b90,__mpn_addmul_1,0.8235294117647058,14,17,0
0x00064680,__mpn_cmp,0x0046c8d0,__mpn_cmp,1.0,11,11,0
0x000646cc,__mpn_divrem,0x0046c930,__mpn_divrem,0.7567567567567568,28,37,0
0x00065bcc,__mpn_extract_double,0x0046e760,__mpn_extract_double,0.782608695652174,18,23,0
0x00065248,__mpn_impn_mul_n,0x0046d8a8,__mpn_impn_mul_n,0.8695652173913043,20,23,0
0x0006515c,__mpn_impn_mul_n_basecase,0x0046d700,__mpn_impn_mul_n_basecase,0.8421052631578947,16,19,0
0x000656d8,__mpn_impn_sqr_n,0x0046df38,__mpn_impn_sqr_n,0.8260869565217391,19,23,0
0x000655f4,__mpn_impn_sqr_n_basecase,0x0046dd94,__mpn_impn_sqr_n_basecase,0.8421052631578947,16,19,0
0x00064dc8,__mpn_lshift,0x0046d1a0,__mpn_lshift,0.8333333333333334,15,18,0
0x00064e20,__mpn_mul,0x0046d270,__mpn_mul,0.8076923076923077,21,26,0
0x00065120,__mpn_mul_1,0x0046d660,__mpn_mul_1,1.0,14,14,0
0x000659cc,__mpn_mul_n,0x0046e3c4,__mpn_mul_n,0.9166666666666666,11,12,0
0x00065a50,__mpn_rshift,0x0046e4a0,__mpn_rshift,0.7368421052631579,14,19,0
0x00065af0,__mpn_sub_n,0x0046e570,__mpn_sub_n,0.7777777777777778,14,18,0
0x00065b70,__mpn_submul_1,0x0046e690,__mpn_submul_1,0.8888888888888888,16,18,0
0x0002ad50,__mprotect,0x00420bf0,__mprotect,0.4,4,10,0
0x0002b06c,__mremap,0x00421080,__mremap,0.8666666666666667,13,15,0
0x0002ad70,__munmap,0x00420c30,__munmap,0.4,4,10,0
0x0003de5c,__nanosleep,0x00439cfc,__nanosleep,0.875,14,16,0
0x0003de18,__nanosleep64,0x00439c90,__nanosleep64,0.9166666666666666,11,12,0
0x0001f694,__new_exitfn,0x004128e0,__new_exitfn,1.0,18,18,0
0x0003e174,__new_getrlimit,0x0043a1d0,__new_getrlimit,0.5833333333333334,7,12,0
0x000616c0,__nptl_change_stack_perm,0x004688d8,__nptl_change_stack_perm,0.6428571428571429,9,14,0
0x0005f1dc,__nptl_deallocate_stack,0x004657c8,__nptl_deallocate_stack,0.7619047619047619,16,21,0
0x00020a24,__nptl_deallocate_tsd,0x00413c70,__nptl_deallocate_tsd,0.8823529411764706,15,17,0
0x0005f100,__nptl_free_stacks,0x0046569c,__nptl_free_stacks,0.8333333333333334,15,18,0
0x0005f098,__nptl_stack_list_add,0x0046565c,__nptl_stack_list_add,0.35714285714285715,5,14,0
0x0005f048,__nptl_stack_list_del,0x00465620,__nptl_stack_list_del,0.45454545454545453,5,11,0
0x0003e050,__open64_nocancel,0x0043a030,__open64_nocancel,0.1875,3,16,0
0x0002a464,__open_nocancel,0x0041fee0,__open_nocancel,0.2,3,15,0
0x0002a4f0,__openat_nocancel,0x0041ff90,__openat_nocancel,0.375,6,16,0
0x000286c8,__opendir,0x0041d7a4,__opendir,0.75,9,12,0
0x00028680,__opendirat,0x0041d730,__opendirat,0.75,9,12,0
0x00037e78,__overflow,0x00431ffc,__overflow,1.0,13,13,0
0x00033ad8,__parse_one_specmb,0x0042c780,__parse_one_specmb,0.8571428571428571,24,28,0
0x0002776c,__posix_memalign,0x0041c12c,__posix_memalign,0.8823529411764706,15,17,0
0x0002b0e0,__prctl,0x00421130,__prctl,0.4,4,10,0
0x0003e0e0,__pread64_nocancel,0x0043a0e0,__pread64_nocancel,0.7857142857142857,11,14,0
0x00031a54,__printf_buffer,0x00429c30,__printf_buffer,0.717948717948718,28,39,0
0x00065cb8,__printf_buffer_as_file_commit,0x0046e900,__printf_buffer_as_file_commit,1.0,10,10,0
0x00065ebc,__printf_buffer_as_file_init,0x0046ebd8,__printf_buffer_as_file_init,1.0,6,6,0
0x00065db0,__printf_buffer_as_file_overflow,0x0046ea00,__printf_buffer_as_file_overflow,1.0,14,14,0
0x00065f28,__printf_buffer_as_file_terminate,0x0046ec68,__printf_buffer_as_file_terminate,1.0,8,8,0
0x00065e70,__printf_buffer_as_file_xsputn,0x0046eb40,__printf_buffer_as_file_xsputn,1.0,11,11,0
0x00057764,__printf_buffer_done,0x0045b3b0,__printf_buffer_done,0.72,18,25,0
0x00065f4c,__printf_buffer_flush,0x0046ecc0,__printf_buffer_flush,0.6666666666666666,16,24,0
0x0005e94c,__printf_buffer_flush_asprintf,0x00464c50,__printf_buffer_flush_asprintf,0.9444444444444444,17,18,0
0x00059924,__printf_buffer_flush_fp,0x0045df98,__printf_buffer_flush_fp,0.9,18,20,0
0x00059b78,__printf_buffer_flush_fp_to_wide,0x0045e338,__printf_buffer_flush_fp_to_wide,0.7894736842105263,15,19,0
0x0005a7e0,__printf_buffer_flush_fphex_to_wide,0x0045f2b8,__printf_buffer_flush_fphex_to_wide,0.8125,13,16,0
0x0005eaec,__printf_buffer_flush_snprintf,0x00464f20,__printf_buffer_flush_snprintf,0.8571428571428571,12,14,0
0x000579e0,__printf_buffer_flush_to_file,0x0045b798,__printf_buffer_flush_to_file,0.9523809523809523,20,21,0
0x000577e8,__printf_buffer_pad_1,0x0045b450,__printf_buffer_pad_1,0.6842105263157895,13,19,0
0x0005788c,__printf_buffer_putc_1,0x0045b570,__printf_buffer_putc_1,0.6,9,15,0
0x000578fc,__printf_buffer_puts_1,0x0045b620,__printf_buffer_puts_1,0.7647058823529411,13,17,0
0x0005eb80,__printf_buffer_snprintf_done,0x00464fb8,__printf_buffer_snprintf_done,1.0,8,8,0
0x0005eb40,__printf_buffer_snprintf_init,0x00464f80,__printf_buffer_snprintf_init,0.7272727272727273,8,11,0
0x00057b84,__printf_buffer_to_file_done,0x0045b9fc,__printf_buffer_to_file_done,1.0,7,7,0
0x00057b44,__printf_buffer_to_file_init,0x0045b9b8,__printf_buffer_to_file_init,1.0,9,9,0
0x000579b8,__printf_buffer_to_file_switch,0x0045b760,__printf_buffer_to_file_switch,1.0,7,7,0
0x00057bb0,__printf_buffer_write,0x0045ba60,__printf_buffer_write,0.6842105263157895,13,19,0
0x00057dd0,__printf_fp_buffer_1,0x0045bd5c,__printf_fp_buffer_1,0.7619047619047619,32,42,0
0x00059a14,__printf_fp_l_buffer,0x0045e128,__printf_fp_l_buffer,0.9411764705882353,16,17,0
0x00059db4,__printf_fphex_buffer,0x0045e6f0,__printf_fphex_buffer,0.8235294117647058,28,34,0
0x0005a7d4,__printf_fphex_l_buffer,0x0045f294,__printf_fphex_l_buffer,1.0,5,5,0
0x0005a8e0,__printf_function_invoke,0x0045f490,__printf_function_invoke,0.7777777777777778,14,18,0
0x0003b9f8,__pthread_cleanup_combined_routine_voidptr,0x00436af4,__pthread_cleanup_combined_routine_voidptr,0.7777777777777778,7,9,0
0x0005edc8,__pthread_cleanup_pop,0x00465320,__pthread_cleanup_pop,0.5333333333333333,8,15,0
0x0005eda8,__pthread_cleanup_push,0x00465300,__pthread_cleanup_push,0.5454545454545454,6,11,0
0x0003c040,__pthread_current_priority,0x0043725c,__pthread_current_priority,0.75,15,20,0
0x0003a52c,__pthread_disable_asynccancel,0x004352a0,__pthread_disable_asynccancel,0.7142857142857143,10,14,0
0x0003a490,__pthread_enable_asynccancel,0x004351e0,__pthread_enable_asynccancel,0.6842105263157895,13,19,0
0x0005f35c,__pthread_get_minstack,0x00465954,__pthread_get_minstack,0.4,4,10,0
0x00020cb8,__pthread_kill,0x00414004,__pthread_kill,1.0,6,6,0
0x00020b64,__pthread_kill_implementation,0x00413e10,__pthread_kill_implementation,0.5714285714285714,12,21,0
0x00020cb4,__pthread_kill_internal,0x00413fe4,__pthread_kill_internal,0.1,2,20,0
0x0003a7b4,__pthread_mutex_lock_full,0x004355c0,__pthread_mutex_lock_full,0.8148148148148148,22,27,0
0x0003b2bc,__pthread_mutex_unlock_full,0x004361e0,__pthread_mutex_unlock_full,0.7241379310344828,21,29,0
0x0003b840,__pthread_mutex_unlock_usercnt,0x00436868,__pthread_mutex_unlock_usercnt,0.8333333333333334,15,18,0
0x0003ba64,__pthread_once_slow,0x00436b40,__pthread_once_slow,0.8333333333333334,15,18,0
0x00020cd0,__pthread_self,0x00414040,__pthread_self,0.5,2,4,0
0x00020ce0,__pthread_sigmask,0x00414050,__pthread_sigmask,0.6666666666666666,12,18,0
0x0003bc5c,__pthread_tpp_change_priority,0x00436e04,__pthread_tpp_change_priority,0.75,21,28,0
0x0003a758,__pthread_tunables_init,0x00435534,__pthread_tunables_init,1.0,3,3,0
0x000571ac,__qsort_r,0x0045ac1c,__qsort_r,0.92,23,25,0
0x0002a574,__read_nocancel,0x00420020,__read_nocancel,0.5833333333333334,7,12,0
0x00028864,__readdir,0x0041da5c,__readdir,0.5714285714285714,12,21,0
0x0006080c,__readdir64,0x00467520,__readdir64,0.8095238095238095,17,21,0
0x000287b0,__readdir_unlocked,0x0041d970,__readdir_unlocked,0.7894736842105263,15,19,0
0x0002a168,__readlink,0x0041fb50,__readlink,0.5833333333333334,7,12,0
0x0003eda8,__readonly_area,0x0043b330,__readonly_area,0.7777777777777778,21,27,0
0x00028eb4,__register_atfork,0x0041e270,__register_atfork,0.7307692307692307,19,26,0
0x0005af60,__register_printf_function,0x0045fd14,__register_printf_function,0.16666666666666666,3,18,0
0x0005a9d8,__register_printf_modifier,0x0045f620,__register_printf_modifier,0.88,22,25,0
0x0005ae38,__register_printf_specifier,0x0045fba0,__register_printf_specifier,0.7368421052631579,14,19,0
0x0005af64,__register_printf_type,0x0045fd30,__register_printf_type,0.6842105263157895,13,19,0
0x00066b40,__rewinddir,0x0046fe40,__rewinddir,0.5,9,18,0
0x0006b534,__rtld_static_init,0x00475930,__rtld_static_init,0.8,12,15,0
0x0001f94c,__run_exit_handlers,0x00412bf0,__run_exit_handlers,0.7727272727272727,17,22,0
0x000294d4,__run_postfork_handlers,0x0041e9b0,__run_postfork_handlers,0.7307692307692307,19,26,0
0x000292f4,__run_prefork_handlers,0x0041e714,__run_prefork_handlers,0.84,21,25,0
0x0002ad8c,__sbrk,0x00420c60,__sbrk,0.6842105263157895,13,19,0
0x0003dee4,__sched_cpucount,0x00439de0,__sched_cpucount,0.9230769230769231,12,13,0
0x0003df80,__sched_get_priority_max,0x00439ed0,__sched_get_priority_max,0.5555555555555556,5,9,0
0x0003dfa0,__sched_get_priority_min,0x00439f10,__sched_get_priority_min,0.5555555555555556,5,9,0
0x0003df40,__sched_getparam,0x00439e50,__sched_getparam,0.5555555555555556,5,9,0
0x0003df60,__sched_getscheduler,0x00439e90,__sched_getscheduler,0.5555555555555556,5,9,0
0x0003dfc0,__sched_setscheduler,0x00439f50,__sched_setscheduler,0.5555555555555556,5,9,0
0x0002b004,__select,0x00420fc8,__select,1.0,10,10,0
0x0002ae20,__select64,0x00420d50,__select64,0.8620689655172413,25,29,0
0x0002b100,__set_vma_name,0x00421160,__set_vma_name,0.6363636363636364,7,11,0
0x0002eb20,__setenv,0x00425c5c,__setenv,0.7692307692307693,10,13,0
0x00029840,__setsid,0x0041eea0,__setsid,0.4444444444444444,4,9,0
0x0002bb70,__setsockopt,0x004221b0,__setsockopt,0.8461538461538461,11,13,0
0x0001f3c0,__sigaction,0x00412560,__sigaction,0.8181818181818182,9,11,0
0x0002e714,__sigjmp_save,0x0045a460,__sigjmp_save,0.75,9,12,0
0x0001f550,__sigprocmask,0x00412730,__sigprocmask,0.9166666666666666,11,12,0
0x0002e6a0,__sigsetjmp,0x004256e0,__sigsetjmp,0.35714285714285715,5,14,0
0x0002985c,__sleep,0x0041eee0,__sleep,0.75,15,20,0
0x0005b098,__snprintf,0x0045fe90,__snprintf,0.8333333333333334,5,6,0
0x0002bbc0,__socket,0x00422250,__socket,0.4,4,10,0
0x000613c8,__stat64,0x00468484,__stat64,1.0,6,6,0
0x000613b0,__stat64_time64,0x00468460,__stat64_time64,1.0,2,2,0
0x00060130,__stpcpy,0x00466a80,__stpcpy,0.9523809523809523,20,21,0
0x00060280,__strcasecmp_l,0x00466c30,__strcasecmp_l,0.9230769230769231,12,13,0
0x000281fc,__strchrnul,0x00437b60,__strchrnul,0.7619047619047619,16,21,0
0x0006040c,__strdup,0x00466f00,__strdup,0.7142857142857143,5,7,0
0x0003c3e4,__strerror_r,0x00437830,__strerror_r,1.0,5,5,0
0x000668b4,__strndup,0x0046f9e0,__strndup,0.75,6,8,0
0x0003cb00,__strnlen,0x00438260,__strnlen,0.75,6,8,0
0x0006043c,__strsep,0x00466f90,__strsep,0.9,9,10,0
0x00060480,__strtok_r,0x00467020,__strtok_r,0.8461538461538461,11,13,0
0x0001fe10,__strtol,0x0041303c,__strtol,0.5555555555555556,5,9,0
0x0001fdd0,__strtol_internal,0x00412ff0,__strtol_internal,0.5555555555555556,5,9,0
0x0002049c,__strtol_l,0x004137c4,__strtol_l,1.0,3,3,0
0x0002ee7c,__strtoul,0x004260dc,__strtoul,0.5555555555555556,5,9,0
0x0002ee3c,__strtoul_internal,0x00426090,__strtoul_internal,0.5555555555555556,5,9,0
0x0002f478,__strtoul_l,0x004267e8,__strtoul_l,1.0,3,3,0
0x0002e560,__syscall_error,0x00439f00,__syscall_error,0.1,1,10,0
0x00066be8,__sysconf,0x0046ff30,__sysconf,0.88,22,25,0
0x0002b190,__sysinfo,0x00421250,__sysinfo,0.4,4,10,0
0x00061410,__tcgetattr,0x00468510,__tcgetattr,0.4666666666666667,7,15,0
0x0003e7bc,__tdelete,0x0043aae4,__tdelete,0.8,20,25,0
0x0003ed28,__tdestroy,0x0043b208,__tdestroy,0.6666666666666666,4,6,0
0x0003e758,__tfind,0x0043aa2c,__tfind,0.9285714285714286,13,14,0
0x000470c4,__thread_gscope_wait,0x00447610,__thread_gscope_wait,0.8,16,20,0
0x000283ac,__time,0x0041d318,__time,0.9333333333333333,14,15,0
0x0002837c,__time64,0x0041d2c0,__time64,1.0,11,11,0
0x0001f264,__tls_get_addr,0x0041236c,__tls_get_addr,0.625,5,8,0
0x0002cb88,__tls_init_tp,0x00423654,__tls_init_tp,0.8823529411764706,15,17,0
0x0002cb3c,__tls_pre_init_tp,0x00423620,__tls_pre_init_tp,1.0,3,3,0
0x0005b0cc,__translated_number_width,0x0045fee0,__translated_number_width,0.7894736842105263,15,19,0
0x0003e5ec,__tsearch,0x0043a814,__tsearch,0.9,18,20,0
0x0002d558,__tunable_get_default,0x004242a0,__tunable_get_default,0.6666666666666666,8,12,0
0x0002d618,__tunable_get_val,0x00424314,__tunable_get_val,0.7777777777777778,14,18,0
0x0002cf54,__tunable_is_initialized,0x00423b74,__tunable_is_initialized,1.0,5,5,0
0x0002cf70,__tunable_set_val,0x00423ba4,__tunable_set_val,1.0,4,4,0
0x0002cf88,__tunables_init,0x00423bd4,__tunables_init,0.6666666666666666,16,24,0
0x0002d450,__tunables_print,0x00424128,__tunables_print,0.8,12,15,0
0x0003ed04,__twalk,0x0043b198,__twalk,0.5714285714285714,4,7,0
0x0003ed18,__twalk_r,0x0043b1d0,__twalk_r,0.5,3,6,0
0x00038030,__uflow,0x00432284,__uflow,1.0,19,19,0
0x00037ee0,__underflow,0x00432088,__underflow,1.0,19,19,0
0x0002a1ac,__unlink,0x0041fbc0,__unlink,0.5833333333333334,7,12,0
0x0006df3c,__unorddf2,0x004790f0,__unorddf2,0.42857142857142855,6,14,0
0x00029134,__unregister_atfork,0x0041e4f8,__unregister_atfork,0.84,21,25,0
0x0002eb84,__unsetenv,0x00425d10,__unsetenv,0.8333333333333334,15,18,0
0x0005eae4,__vasprintf,0x00464ef8,__vasprintf,0.6666666666666666,2,3,0
0x0005ea08,__vasprintf_internal,0x00464d7c,__vasprintf_internal,1.0,16,16,0
0x000337f8,__vfprintf_internal,0x0042c3e0,__vfprintf_internal,0.8571428571428571,18,21,0
0x0005ebac,__vsnprintf_internal,0x00465014,__vsnprintf_internal,0.9090909090909091,10,11,0
0x0003d3b4,__wcrtomb,0x00438e4c,__wcrtomb,0.75,3,4,0
0x0003d1d8,__wcrtomb_internal,0x00438c20,__wcrtomb_internal,0.9047619047619048,19,21,0
0x000604f4,__wcslen,0x00467120,__wcslen,0.9090909090909091,10,11,0
0x0003d6a0,__wcsmbs_clone_conv,0x00439264,__wcsmbs_clone_conv,0.8181818181818182,18,22,0
0x0003d3bc,__wcsmbs_getfct,0x00438e70,__wcsmbs_getfct,0.7272727272727273,8,11,0
0x0003d414,__wcsmbs_load_conv,0x00438f0c,__wcsmbs_load_conv,0.8695652173913043,20,23,0
0x0003d7dc,__wcsmbs_named_conv,0x00439408,__wcsmbs_named_conv,1.0,12,12,0
0x00060558,__wcsnlen,0x004671a0,__wcsnlen,0.7777777777777778,7,9,0
0x0003d910,__wcsrtombs,0x00439620,__wcsrtombs,0.782608695652174,18,23,0
0x00060584,__wmemchr,0x00467210,__wmemchr,0.8333333333333334,10,12,0
0x00060640,__wmemcpy,0x004672f0,__wmemcpy,1.0,4,4,0
0x00060648,__wmemmove,0x00467310,__wmemmove,1.0,4,4,0
0x00060650,__wmempcpy,0x00467330,__wmempcpy,1.0,5,5,0
0x0005c224,__woverflow,0x00461694,__woverflow,0.8571428571428571,12,14,0
0x00066064,__wprintf_buffer_done,0x0046eeb0,__wprintf_buffer_done,0.72,18,25,0
0x000660e8,__wprintf_buffer_flush,0x0046ef50,__wprintf_buffer_flush,0.6363636363636364,14,22,0
0x0005b1c4,__wprintf_buffer_flush_to_file,0x00460050,__wprintf_buffer_flush_to_file,0.9444444444444444,17,18,0
0x0005b154,__wprintf_buffer_putc_1,0x0045ffa0,__wprintf_buffer_putc_1,0.6,9,15,0
0x0005b290,__wprintf_buffer_to_file_done,0x00460168,__wprintf_buffer_to_file_done,1.0,7,7,0
0x0005b254,__wprintf_buffer_to_file_init,0x00460134,__wprintf_buffer_to_file_init,1.0,5,5,0
0x00059c38,__wprintf_fp_l_buffer,0x0045e49c,__wprintf_fp_l_buffer,0.875,14,16,0
0x0005a85c,__wprintf_fphex_l_buffer,0x0045f3c8,__wprintf_fphex_l_buffer,1.0,10,10,0
0x0003e130,__write_nocancel,0x0043a170,__write_nocancel,0.5833333333333334,7,12,0
0x0005c59c,__wuflow,0x00461c84,__wuflow,0.9,18,20,0
0x0005c6e0,__wunderflow,0x00461ea4,__wunderflow,1.0,18,18,0
0x00044bd4,_dl_add_to_namespace_list,0x004433f0,_dl_add_to_namespace_list,0.9411764705882353,16,17,0
0x0002c8b8,_dl_add_to_slotinfo,0x004232dc,_dl_add_to_slotinfo,0.85,17,20,0
0x0006d6c8,_dl_addr,0x004785f0,_dl_addr,0.9130434782608695,21,23,0
0x0006a424,_dl_addr_inside_object,0x004744a0,_dl_addr_inside_object,1.0,14,14,0
0x00045974,_dl_allocate_static_tls,0x004443ac,_dl_allocate_static_tls,0.9411764705882353,16,17,0
0x0002c6a8,_dl_allocate_tls,0x00422fd4,_dl_allocate_tls,1.0,11,11,0
0x0002c690,_dl_allocate_tls_init,0x00422740,_dl_allocate_tls_init,0.22727272727272727,5,22,0
0x0002c580,_dl_allocate_tls_storage,0x00422e18,_dl_allocate_tls_storage,0.8125,13,16,0
0x0002c364,_dl_assign_tls_modid,0x00422c00,_dl_assign_tls_modid,1.0,18,18,0
0x0002e32c,_dl_audit_pltexit,0x00425210,_dl_audit_pltexit,1.0,1,1,0
0x0002d7a8,_dl_aux_init,0x00424534,_dl_aux_init,0.8235294117647058,14,17,0
0x00047324,_dl_cache_libcmp,0x00447dc0,_dl_cache_libcmp,0.7777777777777778,14,18,0
0x0006c370,_dl_call_fini,0x00476d70,_dl_call_fini,0.9444444444444444,17,18,0
0x0006c2c0,_dl_call_libc_early_init,0x00476ca0,_dl_call_libc_early_init,0.7857142857142857,11,14,0
0x0003f20c,_dl_catch_error,0x0043b920,_dl_catch_error,1.0,6,6,0
0x0003f144,_dl_catch_exception,0x0043b81c,_dl_catch_exception,0.8235294117647058,14,17,0
0x0006a3bc,_dl_check_all_versions,0x004743e8,_dl_check_all_versions,0.9090909090909091,10,11,0
0x00069a0c,_dl_check_map_versions,0x004738d0,_dl_check_map_versions,0.9090909090909091,20,22,0
0x000681c0,_dl_close,0x004718bc,_dl_close,0.8,8,10,0
0x00067348,_dl_close_worker,0x00470788,_dl_close_worker,0.8709677419354839,27,31,0
0x0002c4ac,_dl_count_modids,0x00422d48,_dl_count_modids,0.8181818181818182,9,11,0
0x0002c718,_dl_deallocate_tls,0x00423090,_dl_deallocate_tls,0.6666666666666666,10,15,0
0x0002bea4,_dl_debug_initialize,0x00422688,_dl_debug_initialize,0.7333333333333333,11,15,0
0x000455a8,_dl_debug_printf,0x00444040,_dl_debug_printf,0.8333333333333334,5,6,0
0x000455e8,_dl_debug_printf_c,0x004440a0,_dl_debug_printf_c,0.8333333333333334,5,6,0
0x0002be18,_dl_debug_state,0x004225f0,_dl_debug_state,1.0,1,1,0
0x0002be1c,_dl_debug_update,0x004225f8,_dl_debug_update,0.625,10,16,0
0x000450a8,_dl_debug_vdprintf,0x00443a70,_dl_debug_vdprintf,0.8214285714285714,23,28,0
0x00045628,_dl_dprintf,0x00444100,_dl_dprintf,0.8333333333333334,5,6,0
0x00040364,_dl_dst_count,0x0043d89c,_dl_dst_count,1.0,8,8,0
0x00040410,_dl_dst_substitute,0x0043d9ac,_dl_dst_substitute,0.8,16,20,0
0x0002d718,_dl_early_allocate,0x004243d0,_dl_early_allocate,0.75,9,12,0
0x0003f270,_dl_error_free,0x0043b9c8,_dl_error_free,0.7142857142857143,5,7,0
0x0004568c,_dl_error_printf,0x004441a8,_dl_error_printf,0.8333333333333334,5,6,0
0x0003f288,_dl_exception_create,0x0043ba00,_dl_exception_create,0.9166666666666666,11,12,0
0x0003f31c,_dl_exception_create_format,0x0043bb0c,_dl_exception_create_format,0.9047619047619048,19,21,0
0x0003f63c,_dl_exception_free,0x0043bef8,_dl_exception_free,1.0,5,5,0
0x000456c0,_dl_fatal_printf,0x00444200,_dl_fatal_printf,0.8333333333333334,5,6,0
0x00068664,_dl_find_dso_for_object,0x00471f54,_dl_find_dso_for_object,0.9230769230769231,12,13,0
0x0006b3d8,_dl_find_object_dlclose,0x00475734,_dl_find_object_dlclose,0.8181818181818182,18,22,0
0x0006b4b4,_dl_find_object_freeres,0x00475890,_dl_find_object_freeres,1.0,9,9,0
0x0006a4b8,_dl_find_object_from_map,0x00474510,_dl_find_object_from_map,0.7333333333333333,11,15,0
0x0006ac80,_dl_find_object_init,0x00474d98,_dl_find_object_init,0.95,19,20,0
0x0006ae34,_dl_find_object_update,0x00474ffc,_dl_find_object_update,0.8620689655172413,25,29,0
0x000616fc,_dl_fixup,0x00468974,_dl_fixup,0.9545454545454546,21,22,0
0x0002e31c,_dl_get_dl_main_map,0x004251f8,_dl_get_dl_main_map,1.0,2,2,0
0x00044f18,_dl_get_origin,0x00443850,_dl_get_origin,0.9333333333333333,14,15,0
0x0002c548,_dl_get_tls_static_info,0x00422de4,_dl_get_tls_static_info,1.0,4,4,0
0x000449c4,_dl_higher_prime_number,0x00443154,_dl_higher_prime_number,1.0,13,13,0
0x0006d328,_dl_init,0x0047806c,_dl_init,0.95,19,20,0
0x00040b5c,_dl_init_paths,0x0043e37c,_dl_init_paths,0.9090909090909091,20,22,0
0x0002c9fc,_dl_init_static_tls,0x00423474,_dl_init_static_tls,0.7894736842105263,15,19,0
0x000475a0,_dl_load_cache_lookup,0x00448118,_dl_load_cache_lookup,1.0,21,21,0
0x0006d554,_dl_lookup_direct,0x004783bc,_dl_lookup_direct,0.6818181818181818,15,22,0
0x00043ca4,_dl_lookup_symbol_x,0x004421b0,_dl_lookup_symbol_x,0.8620689655172413,25,29,0
0x000614d4,_dl_make_stacks_executable,0x00468670,_dl_make_stacks_executable,0.8695652173913043,20,23,0
0x000422b8,_dl_map_object,0x0043feb4,_dl_map_object,0.8518518518518519,23,27,0
0x0006c470,_dl_map_object_deps,0x00476ef4,_dl_map_object_deps,0.8,24,30,0
0x00040fa4,_dl_map_object_from_fd,0x0043e848,_dl_map_object_from_fd,0.8823529411764706,30,34,0
0x00044964,_dl_name_match_p,0x00443098,_dl_name_match_p,0.9,9,10,0
0x00044c94,_dl_new_object,0x004434dc,_dl_new_object,0.9090909090909091,20,22,0
0x0002d940,_dl_non_dynamic_init,0x004246e8,_dl_non_dynamic_init,0.9,27,30,0
0x00068738,_dl_open,0x00472074,_dl_open,0.9375,15,16,0
0x00045658,_dl_printf,0x00444150,_dl_printf,0.8333333333333334,5,6,0
0x00040e88,_dl_process_pt_gnu_property,0x0043e6d0,_dl_process_pt_gnu_property,0.9444444444444444,17,18,0
0x00045a4c,_dl_protect_relro,0x004444a0,_dl_protect_relro,0.7777777777777778,14,18,0
0x00045ad8,_dl_reloc_bad_type,0x00444544,_dl_reloc_bad_type,1.0,9,9,0
0x00045b40,_dl_relocate_object,0x004445d8,_dl_relocate_object,0.8235294117647058,28,34,0
0x00042e9c,_dl_rtld_di_serinfo,0x00440df4,_dl_rtld_di_serinfo,0.85,17,20,0
0x00047300,_dl_runtime_resolve,0x004478d0,_dl_runtime_resolve,0.5,4,8,0
0x00046f1c,_dl_scope_free,0x00447390,_dl_scope_free,0.8888888888888888,16,18,0
0x00046ff4,_dl_setup_hash,0x004474f0,_dl_setup_hash,0.875,14,16,0
0x00068910,_dl_show_scope,0x004722e8,_dl_show_scope,0.9411764705882353,16,17,0
0x0003f0d4,_dl_signal_error,0x0043b780,_dl_signal_error,0.7222222222222222,13,18,0
0x0003f08c,_dl_signal_exception,0x0043b708,_dl_signal_exception,0.6428571428571429,9,14,0
0x0006952c,_dl_sort_maps,0x0047333c,_dl_sort_maps,0.8888888888888888,24,27,0
0x000694e4,_dl_sort_maps_init,0x004732ec,_dl_sort_maps_init,0.6,6,10,0
0x000103a8,_dl_start,0x00400470,_dl_start,1.0,2,2,0
0x00044a10,_dl_strtoul,0x004431c0,_dl_strtoul,0.7931034482758621,23,29,0
0x0006ddf0,_dl_sym,0x00478e80,_dl_sym,1.0,2,2,0
0x000448dc,_dl_sysdep_read_whole_file,0x00442fb0,_dl_sysdep_read_whole_file,0.8333333333333334,10,12,0
0x0002c794,_dl_tls_get_addr_soft,0x00423178,_dl_tls_get_addr_soft,0.8333333333333334,15,18,0
0x0002c844,_dl_tls_initial_modid_limit_setup,0x00423250,_dl_tls_initial_modid_limit_setup,0.9285714285714286,13,14,0
0x0002c2b8,_dl_tls_static_surplus_init,0x00422b30,_dl_tls_static_surplus_init,1.0,12,12,0
0x00045868,_dl_try_allocate_static_tls,0x00444294,_dl_try_allocate_static_tls,0.9,18,20,0
0x00020df8,_dl_tunable_set_arena_max,0x0041420c,_dl_tunable_set_arena_max,0.8,4,5,0
0x00020e10,_dl_tunable_set_arena_test,0x00414228,_dl_tunable_set_arena_test,0.8,4,5,0
0x00021174,_dl_tunable_set_hugetlb,0x00414660,_dl_tunable_set_hugetlb,0.7692307692307693,10,13,0
0x00020d60,_dl_tunable_set_mmap_threshold,0x00414150,_dl_tunable_set_mmap_threshold,0.8,4,5,0
0x00020d80,_dl_tunable_set_mmaps_max,0x00414178,_dl_tunable_set_mmaps_max,0.8,4,5,0
0x0003a704,_dl_tunable_set_mutex_spin_count,0x004354e0,_dl_tunable_set_mutex_spin_count,0.8,4,5,0
0x00020eac,_dl_tunable_set_mxfast,0x004142fc,_dl_tunable_set_mxfast,0.9090909090909091,10,11,0
0x00020dc0,_dl_tunable_set_perturb_byte,0x004141c8,_dl_tunable_set_perturb_byte,0.8,4,5,0
0x0003a71c,_dl_tunable_set_stack_cache_size,0x004354fc,_dl_tunable_set_stack_cache_size,0.8,4,5,0
0x0003a734,_dl_tunable_set_stack_hugetlb,0x00435518,_dl_tunable_set_stack_hugetlb,0.8,4,5,0
0x00020e74,_dl_tunable_set_tcache_count,0x004142ac,_dl_tunable_set_tcache_count,0.8571428571428571,6,7,0
0x00020e28,_dl_tunable_set_tcache_max,0x00414244,_dl_tunable_set_tcache_max,0.7692307692307693,10,13,0
0x00020e94,_dl_tunable_set_tcache_unsorted_limit,0x004142e0,_dl_tunable_set_tcache_unsorted_limit,0.8,4,5,0
0x00020da0,_dl_tunable_set_top_pad,0x004141a0,_dl_tunable_set_top_pad,0.8,4,5,0
0x00020dd8,_dl_tunable_set_trim_threshold,0x004141e4,_dl_tunable_set_trim_threshold,0.8,4,5,0
0x000478ec,_dl_unload_cache,0x00448510,_dl_unload_cache,1.0,10,10,0
0x0006dd38,_dl_vsym,0x00478d9c,_dl_vsym,1.0,17,17,0
0x0006b9fc,_dlerror_run,0x00475fcc,_dlerror_run,0.85,17,20,0
0x0006a530,_dlfo_process_initial,0x00474598,_dlfo_process_initial,0.95,19,20,0
0x0006a784,_dlfo_sort_mappings,0x00474d64,_dlfo_sort_mappings,0.21428571428571427,3,14,0
0x00028900,_exit,0x0041dbe0,_exit,0.08333333333333333,1,12,0
0x00070794,_fini,0x00483160,_fini,1.0,1,1,0
0x0002fb6c,_fitoa,0x00427024,_fitoa,0.8235294117647058,14,17,0
0x0002fb14,_fitoa_word,0x00426fb0,_fitoa_word,0.8,12,15,0
0x00010134,_init,0x004002e0,_init,0.25,1,4,0
0x000232b8,_int_free,0x00416dc8,_int_free,0.8620689655172413,25,29,0
0x000219b4,_int_free_create_chunk,0x004150a4,_int_free_create_chunk,0.9375,15,16,0
0x00022c98,_int_free_maybe_consolidate,0x00416634,_int_free_maybe_consolidate,0.9230769230769231,24,26,0
0x00023174,_int_free_merge_chunk,0x00416bac,_int_free_merge_chunk,1.0,17,17,0
0x00023ff4,_int_malloc,0x00417cc8,_int_malloc,0.8823529411764706,30,34,0
0x00025398,_int_memalign,0x0041935c,_int_memalign,0.875,21,24,0
0x00025130,_int_realloc,0x00419048,_int_realloc,0.8461538461538461,22,26,0
0x0002f5ac,_itoa,0x00426974,_itoa,0.896551724137931,26,29,0
0x0002f4bc,_itoa_word,0x00426870,_itoa_word,0.8235294117647058,14,17,0
0x00025b94,_mid_memalign,0x00419da0,_mid_memalign,0.8148148148148148,22,27,0
0x00063bc0,_nl_archive_subfreeres,0x0046b9a4,_nl_archive_subfreeres,0.9230769230769231,12,13,0
0x0003d8c0,_nl_cleanup_ctype,0x00439574,_nl_cleanup_ctype,0.7272727272727273,8,11,0
0x00066a38,_nl_cleanup_time,0x0046fc80,_nl_cleanup_time,0.8,8,10,0
0x00055728,_nl_expand_alias,0x0045893c,_nl_expand_alias,0.8181818181818182,18,22,0
0x00055f74,_nl_explode_name,0x004593c0,_nl_explode_name,0.8823529411764706,15,17,0
0x000536ac,_nl_find_domain,0x00455f60,_nl_find_domain,1.0,16,16,0
0x000629fc,_nl_find_locale,0x0046a250,_nl_find_locale,0.92,23,25,0
0x000523c0,_nl_find_msg,0x00454788,_nl_find_msg,0.8,24,30,0
0x00053910,_nl_finddomain_subfreeres,0x0045632c,_nl_finddomain_subfreeres,1.0,10,10,0
0x00063cc4,_nl_intern_locale_data,0x0046bb60,_nl_intern_locale_data,0.8461538461538461,22,26,0
0x00053960,_nl_load_domain,0x004563e0,_nl_load_domain,0.6756756756756757,25,37,0
0x00064354,_nl_load_locale,0x0046c434,_nl_load_locale,0.9523809523809523,20,21,0
0x00063268,_nl_load_locale_from_archive,0x0046acc0,_nl_load_locale_from_archive,0.8709677419354839,27,31,0
0x00051d44,_nl_locale_subfreeres,0x00453fe8,_nl_locale_subfreeres,0.9166666666666666,11,12,0
0x00055968,_nl_make_l10nflist,0x00458c30,_nl_make_l10nflist,0.9230769230769231,24,26,0
0x00055e48,_nl_normalize_codeset,0x0045923c,_nl_normalize_codeset,0.8571428571428571,18,21,0
0x000520f0,_nl_postload_ctype,0x00454350,_nl_postload_ctype,0.8461538461538461,11,13,0
0x000631fc,_nl_remove_locale,0x0046ac1c,_nl_remove_locale,0.9166666666666666,11,12,0
0x000551e4,_nl_unload_domain,0x00458134,_nl_unload_domain,0.8666666666666667,13,15,0
0x000645dc,_nl_unload_locale,0x0046c7a8,_nl_unload_locale,0.9,9,10,0
0x0001f2b0,_setjmp,0x004123c0,_setjmp,0.75,3,4,0
0x00010140,abort,0x00400494,abort,0.8235294117647058,14,17,0
0x00049310,add_alias2,0x0044a6e8,add_alias2,1.0,12,12,0
0x00016b48,add_attack,0x00408220,add_attack,1.0,11,11,1
0x0001dca4,add_entry,0x00410a24,add_entry,0.8888888888888888,8,9,1
0x00048f94,add_module,0x0044a27c,add_module,0.9166666666666666,22,24,0
0x00040288,add_name_to_object,0x0043c474,add_name_to_object,0.9285714285714286,13,14,0
0x0003fce8,add_path,0x0043c340,add_path,0.8888888888888888,16,18,0
0x00068500,add_to_global_resize,0x00471d3c,add_to_global_resize,0.7777777777777778,21,27,0
0x000684dc,add_to_global_resize_failure,0x00471d08,add_to_global_resize_failure,1.0,6,6,0
0x00068238,add_to_global_update,0x00471990,add_to_global_update,0.9090909090909091,20,22,0
0x0005cc2c,adjust_wide_data,0x004626c0,adjust_wide_data,0.8095238095238095,17,21,0
0x000552ac,alias_compare,0x004582c0,alias_compare,1.0,5,5,0
0x00026910,aligned_alloc,0x0041ae98,aligned_alloc,0.8823529411764706,15,17,0
0x00021cac,alloc_new_heap,0x00415488,alloc_new_heap,1.0,21,21,0
0x00021048,alloc_perturb,0x004144e8,alloc_perturb,1.0,7,7,0
0x0001c478,anti_gdb_entry,0x0040eca0,anti_gdb_entry,1.0,3,3,1
0x00021f48,arena_get2,0x004157e0,arena_get2,0.6896551724137931,20,29,0
0x00022768,arena_get_retry,0x00415f8c,arena_get_retry,0.6470588235294118,11,17,0
0x0001f688,atoi,0x004128c0,atoi,1.0,2,2,0
0x00013b90,attack_app_cfnull,0x004048cc,attack_app_cfnull,0.8709677419354839,27,31,1
0x00010564,attack_app_http,0x00400ad0,attack_app_http,0.8181818181818182,27,33,1
0x00010530,attack_app_proxy,0x00400a90,attack_app_proxy,1.0,1,1,1
0x00016a74,attack_get_opt_int,0x004080fc,attack_get_opt_int,0.5,5,10,1
0x00016ae0,attack_get_opt_ip,0x00408190,attack_get_opt_ip,0.8333333333333334,5,6,1
0x000169dc,attack_get_opt_str,0x00408038,attack_get_opt_str,0.7857142857142857,11,14,1
0x00015a0c,attack_gre_eth,0x00406b94,attack_gre_eth,1.0,25,25,1
0x000151b0,attack_gre_ip,0x00406130,attack_gre_ip,1.0,25,25,1
0x00016348,attack_init,0x00407730,attack_init,0.6,3,5,1
0x000163fc,attack_kill_all,0x00407824,attack_kill_all,1.0,13,13,1
0x0001647c,attack_parse,0x004078f4,attack_parse,0.8695652173913043,20,23,1
0x00016898,attack_start,0x00407e84,attack_start,0.8888888888888888,16,18,1
0x000175dc,attack_tcp_ack,0x00408f40,attack_tcp_ack,0.96,24,25,1
0x00017e84,attack_tcp_stomp,0x004099f8,attack_tcp_stomp,0.9629629629629629,26,27,1
0x00016c98,attack_tcp_syn,0x004083e0,attack_tcp_syn,0.96,24,25,1
0x00019540,attack_udp_dns,0x0040b684,attack_udp_dns,1.0,22,22,1
0x00018938,attack_udp_generic,0x0040a790,attack_udp_generic,0.9565217391304348,22,23,1
0x00019cb8,attack_udp_plain,0x0040bfa8,attack_udp_plain,0.9583333333333334,23,24,1
0x00018f64,attack_udp_vse,0x0040af44,attack_udp_vse,1.0,23,23,1
0x000683c0,call_dl_init,0x00471b70,call_dl_init,1.0,5,5,0
0x0006da5c,call_dl_lookup,0x00478a50,call_dl_lookup,1.0,7,7,0
0x0001ebfc,call_fini,0x00411c00,call_fini,1.0,12,12,0
0x0006d1ac,call_init,0x00477e80,call_init,0.95,19,20,0
0x0006d468,check_match,0x00478250,check_match,0.8823529411764706,15,17,0
0x0002e414,check_one_fd,0x00425320,check_one_fd,0.8823529411764706,15,17,0
0x0001a314,checksum_generic,0x0040c7a0,checksum_generic,0.9444444444444444,17,18,1
0x0001a3b4,checksum_tcpudp,0x0040c868,checksum_tcpudp,0.8571428571428571,18,21,1
0x0003ba24,clear_once_control,0x00436a80,clear_once_control,0.36363636363636365,4,11,0
0x00028320,clock,0x0041d230,clock,0.8181818181818182,9,11,0
0x00034fa8,decide_maybe_mmap,0x0042e3c4,decide_maybe_mmap,0.7333333333333333,22,30,0
0x00040924,decompose_rpath,0x0043e0f8,decompose_rpath,0.8888888888888888,16,18,0
0x00010458,deregister_tm_clones,0x00400980,deregister_tm_clones,1.0,1,1,0
0x00047a58,derivation_compare,0x00448788,derivation_compare,0.75,6,8,0
0x00021140,detach_arena,0x00414624,detach_arena,1.0,3,3,0
0x0006940c,dfs_traversal,0x00473160,dfs_traversal,1.0,18,18,0
0x000683c8,dl_open_worker,0x00471b98,dl_open_worker,1.0,14,14,0
0x00068aa4,dl_open_worker_begin,0x0047251c,dl_open_worker_begin,0.7586206896551724,22,29,0
0x000619b0,dlerror_run,0x00468c60,dlerror_run,1.0,8,8,0
0x0006bbdc,dlinfo_doit,0x00476230,dlinfo_doit,0.8666666666666667,13,15,0
0x0006bd18,dlmopen_doit,0x00476420,dlmopen_doit,0.8666666666666667,13,15,0
0x0006be60,dlopen_doit,0x004765c0,dlopen_doit,0.875,14,16,0
0x0006bfb8,dlsym_doit,0x00476770,dlsym_doit,1.0,6,6,0
0x0006c090,dlvsym_doit,0x004768f0,dlvsym_doit,1.0,6,6,0
0x00061b20,do_dlclose,0x00468e4c,do_dlclose,0.2222222222222222,2,9,0
0x00061948,do_dlopen,0x00468bf0,do_dlopen,1.0,8,8,0
0x00061a90,do_dlsym,0x00468d84,do_dlsym,1.0,7,7,0
0x00061a20,do_dlsym_private,0x00468cfc,do_dlsym_private,1.0,9,9,0
0x00061ad8,do_dlvsym,0x00468de8,do_dlvsym,1.0,7,7,0
0x0004320c,do_lookup_x,0x004413d0,do_lookup_x,0.896551724137931,26,29,0
0x000510d0,do_release_all,0x00452fc8,do_release_all,1.0,7,7,0
0x00051034,do_release_shlib,0x00452ef4,do_release_shlib,0.8571428571428571,12,14,0
0x00056cd0,do_swap,0x0045a530,do_swap,0.9444444444444444,17,18,0
0x0006daa0,do_sym,0x00478ab8,do_sym,0.8333333333333334,20,24,0
0x0002ccd0,do_tunable_update_val,0x004237e0,do_tunable_update_val,0.68,17,25,0
0x00039c68,enlarge_userbuf,0x004345c0,enlarge_userbuf,0.7916666666666666,19,24,0
0x0001c684,ensure_single_instance,0x0040ef6c,ensure_single_instance,1.0,14,14,1
0x0001c574,establish_connection,0x0040edf4,establish_connection,0.9166666666666666,11,12,1
0x0001fdb4,exit,0x00412fc4,exit,1.0,3,3,0
0x000405c4,expand_dynamic_string_token,0x0043dbcc,expand_dynamic_string_token,0.9473684210526315,18,19,0
0x0003efa0,fatal_error,0x0043b610,fatal_error,0.9090909090909091,10,11,0
0x000406b8,fillin_rpath,0x0043dd94,fillin_rpath,1.0,19,19,0
0x00047b44,find_derivation,0x00448900,find_derivation,0.875,21,24,0
0x00050848,find_module,0x00452404,find_module,0.7368421052631579,14,19,0
0x00050768,find_module_idx,0x004522b0,find_module_idx,0.8947368421052632,17,19,0
0x000371d8,flush_cleanup,0x00431320,flush_cleanup,0.8823529411764706,15,17,0
0x00010500,frame_dummy,0x00400a54,frame_dummy,0.6666666666666666,2,3,0
0x00051504,free_category,0x004535bc,free_category,0.8,12,15,0
0x00047950,free_derivation,0x004485a4,free_derivation,0.8125,13,16,0
0x000479fc,free_modules_db,0x004486c0,free_modules_db,0.9,9,10,0
0x00016c00,free_opts,0x004082fc,free_opts,0.7142857142857143,10,14,1
0x00061b24,free_slotinfo,0x00468e68,free_slotinfo,0.7058823529411765,12,17,0
0x0006259c,gconv_parse_code,0x00469c50,gconv_parse_code,0.5714285714285714,16,28,0
0x0001a098,get_dns_resolver,0x0040c47c,get_dns_resolver,0.8181818181818182,18,22,1
0x0002aa08,get_nproc_stat,0x00420620,get_nproc_stat,0.8333333333333334,15,18,0
0x0002e74c,getenv,0x00425760,getenv,1.0,12,12,0
0x0002fe18,group_number,0x004273cc,group_number,0.6956521739130435,16,23,0
0x00057c60,hack_digit,0x0045bb80,hack_digit,0.8,16,20,0
0x0001b470,has_exe_access,0x0040dac8,has_exe_access,0.8125,13,16,1
0x0002bbe0,htonl,0x00422290,htonl,0.14285714285714285,1,7,0
0x0002bbf4,htons,0x004222b0,htons,0.2,1,5,0
0x00057090,indirect_msort_with_tmp,0x0045aa60,indirect_msort_with_tmp,0.8095238095238095,17,21,0
0x0002bc08,inet_aton_end,0x004222c0,inet_aton_end,0.6875,22,32,0
0x00048e88,insert_module,0x0044a0bc,insert_module,0.9285714285714286,13,14,0
0x00020ef4,int_mallinfo,0x00414370,int_mallinfo,0.8947368421052632,17,19,0
0x0003f660,is_dst,0x0043bff8,is_dst,0.7,14,20,0
0x0003f70c,is_trusted_path_normalize,0x0043c114,is_trusted_path_normalize,0.95,19,20,0
0x0001a548,killer_init,0x0040ca80,killer_init,0.782608695652174,18,23,1
0x0001aaf8,killer_kill,0x0040d0f8,killer_kill,1.0,4,4,1
0x0001ab20,killer_kill_by_port,0x0040d13c,killer_kill_by_port,0.7727272727272727,17,22,1
0x00051028,known_compare,0x00452ed0,known_compare,1.0,3,3,0
0x0003f25c,length_mismatch,0x0043b9a0,length_mismatch,1.0,3,3,0
0x0001b938,main,0x0040dfd0,main,0.9310344827586207,27,29,1
0x00021820,malloc_consolidate,0x00414e60,malloc_consolidate,0.9545454545454546,21,22,0
0x00020edc,malloc_printerr,0x00414344,malloc_printerr,1.0,3,3,0
0x0003e444,maybe_split_for_insert,0x0043a634,maybe_split_for_insert,0.8125,13,16,0
0x0001b880,mem_exists,0x0040def4,mem_exists,0.9166666666666666,11,12,1
0x00027854,memcmp,0x0041c2c0,memcmp,0.95,19,20,0
0x00027c30,memcpy,0x0041c5a0,memcpy,0.6666666666666666,18,27,0
0x00027ed0,memmove,0x0041c920,memmove,0.6206896551724138,18,29,0
0x0001b614,memory_scan_match,0x0040dc88,memory_scan_match,0.7142857142857143,10,14,1
0x00028180,memset,0x0041cb30,memset,0.6363636363636364,14,22,0
0x00034d6c,mmap_remap_check,0x0042e108,mmap_remap_check,0.896551724137931,26,29,0
0x00056df4,msort_with_tmp,0x0045a774,msort_with_tmp,0.9090909090909091,20,22,0
0x0002106c,munmap_chunk,0x00414524,munmap_chunk,0.7222222222222222,13,18,0
0x00051338,new_composite_name,0x004532d0,new_composite_name,0.9333333333333333,14,15,0
0x00034c10,new_do_write,0x0042df10,new_do_write,0.9130434782608695,21,23,0
0x00021ee0,new_heap,0x0041573c,new_heap,0.35,7,20,0
0x0002a728,next_line,0x00420220,next_line,1.0,18,18,0
0x0003fdb0,open_path,0x0043d294,open_path,0.7777777777777778,21,27,0
0x0003f8b8,open_verify,0x0043cdac,open_verify,0.8461538461538461,22,26,0
0x0006c42c,openaux,0x00476e80,openaux,0.6666666666666666,10,15,0
0x000285dc,opendir_tail,0x0041d600,opendir_tail,0.8888888888888888,16,18,0
0x0002fbfc,outstring_converted_wide_string,0x00427110,outstring_converted_wide_string,0.72,18,25,0
0x0005219c,plural_eval,0x00454410,plural_eval,0.72,18,25,0
0x0002ff24,printf_positional,0x00427560,printf_positional,0.7692307692307693,30,39,0
0x00021a6c,ptmalloc_init,0x004151d4,ptmalloc_init,0.9,18,20,0
0x000574f8,qsort,0x0045b050,qsort,1.0,3,3,0
0x0001f380,raise,0x004124e0,raise,0.9166666666666666,11,12,0
0x0001ccec,rand_alphastr,0x0040f738,rand_alphastr,0.7391304347826086,17,23,1
0x0001cac0,rand_init,0x0040f480,rand_init,1.0,5,5,1
0x0001cb48,rand_next,0x0040f524,rand_next,1.0,5,5,1
0x0001cc18,rand_str,0x0040f608,rand_str,1.0,12,12,1
0x00063258,rangecmp,0x0046acb0,rangecmp,1.0,3,3,0
0x000552c4,read_alias_file,0x004582e8,read_alias_file,0.8518518518518519,23,27,0
0x00049390,read_conf_file,0x0044a7cc,read_conf_file,0.8333333333333334,20,24,0
0x0007051c,read_encoded_value,0x0047ffc8,read_encoded_value,0.08,2,25,0
0x0007040c,read_encoded_value_with_base,0x0047ccfc,read_encoded_value_with_base,0.8260869565217391,19,23,0
0x00070374,read_sleb128,0x00479178,read_sleb128,0.875,14,16,0
0x0002a8d4,read_sysfs_file,0x00420464,read_sysfs_file,0.9375,15,16,0
0x00070348,read_uleb128,0x00479140,read_uleb128,0.8,12,15,0
0x00010484,register_tm_clones,0x004009b4,register_tm_clones,1.0,1,1,0
0x000671ec,remove_slotinfo,0x004705f0,remove_slotinfo,0.9444444444444444,17,18,0
0x0001ce18,resolv_domain_to_hostname,0x0040f8c0,resolv_domain_to_hostname,1.0,12,12,1
0x0001d76c,resolv_entries_free,0x0041036c,resolv_entries_free,0.6666666666666666,6,9,1
0x0001cfec,resolv_lookup,0x0040fb38,resolv_lookup,0.9285714285714286,26,28,1
0x0001cf00,resolv_skip_name,0x0040f9ec,resolv_skip_name,0.9333333333333333,14,15,1
0x0001c4ac,resolve_cnc_addr,0x0040ecd8,resolve_cnc_addr,0.6666666666666666,12,18,1
0x00037330,save_for_backup,0x00431468,save_for_backup,0.9,18,20,0
0x0005bcf4,save_for_wbackup,0x00460f30,save_for_wbackup,0.9090909090909091,20,22,0
0x00047428,search_cache,0x00447ee4,search_cache,0.8695652173913043,20,23,0
0x000515dc,setlocale,0x00453718,setlocale,0.95,19,20,0
0x0001f5f0,sigaddset,0x00412840,sigaddset,0.75,15,20,0
0x0001f5ac,sigemptyset,0x004127e0,sigemptyset,0.5714285714285714,8,14,0
0x0003c5a4,strchr,0x00437b10,strchr,1.0,10,10,0
0x0003c5c4,strcmp,0x00437ca0,strcmp,0.6956521739130435,16,23,0
0x000602c0,strcpy,0x00466c90,strcpy,1.0,3,3,0
0x000602d4,strcspn,0x00466cd0,strcspn,0.8947368421052632,17,19,0
0x0003c80c,strncmp,0x00437ee0,strncmp,0.8518518518518519,23,27,0
0x0003cb28,strrchr,0x004382d0,strrchr,1.0,4,4,0
0x000668ec,strspn,0x0046fa70,strspn,1.0,16,16,0
0x0003cf84,strstr,0x0043888c,strstr,0.8846153846153846,23,26,0
0x00023724,sysmalloc,0x00417358,sysmalloc,0.75,24,32,0
0x000229a0,sysmalloc_mmap,0x00416264,sysmalloc_mmap,0.7307692307692307,19,26,0
0x0002286c,sysmalloc_mmap_fallback,0x004160c0,sysmalloc_mmap_fallback,1.0,19,19,0
0x00022b80,systrim,0x004164b8,systrim,0.9,18,20,0
0x0001d7c0,table_init,0x00410400,table_init,0.4,2,5,1
0x0001dbfc,table_lock_val,0x00410940,table_lock_val,1.0,2,2,1
0x0001dc40,table_retrieve_val,0x004109a4,table_retrieve_val,0.8888888888888888,8,9,1
0x0001dbb8,table_unlock_val,0x004108dc,table_unlock_val,1.0,2,2,1
0x00024fc0,tcache_init,0x00418e18,tcache_init,0.75,15,20,0
0x0003e3f8,tdestroy_recurse,0x0043a588,tdestroy_recurse,1.0,11,11,0
0x0001c63c,teardown_connection,0x0040eefc,teardown_connection,1.0,6,6,1
0x0001dd28,toggle_obf,0x00410ad0,toggle_obf,1.0,17,17,1
0x00052354,transcmp,0x004546b0,transcmp,0.9,9,10,0
0x0003e2a0,trecurse,0x0043a350,trecurse,1.0,12,12,0
0x0003e34c,trecurse_r,0x0043a46c,trecurse_r,1.0,12,12,0
0x0002cec4,tunable_initialize,0x00423a98,tunable_initialize,0.8461538461538461,11,13,0
0x00066314,two_way_long_needle,0x00438330,two_way_long_needle,0.8181818181818182,18,22,0
0x00021744,unlink_chunk,0x00414d24,unlink_chunk,0.9375,15,16,0
0x0001c870,unlock_tbl_if_nodebug,0x0040f1b0,unlock_tbl_if_nodebug,0.7241379310344828,21,29,1
0x0001e158,util_atoi,0x00411058,util_atoi,0.76,19,25,1
0x0001e814,util_fdgets,0x00411934,util_fdgets,1.0,11,11,1
0x0001e920,util_isalpha,0x00411a98,util_isalpha,0.625,5,8,1
0x0001e9e0,util_isdigit,0x00411b98,util_isdigit,0.625,5,8,1
0x0001e980,util_isspace,0x00411b20,util_isspace,1.0,6,6,1
0x0001e8d8,util_isupper,0x00411a38,util_isupper,0.625,5,8,1
0x0001e3cc,util_itoa,0x004113a0,util_itoa,0.8,16,20,1
0x0001e758,util_local_addr,0x00411854,util_local_addr,1.0,11,11,1
0x0001e088,util_memcpy,0x00410f50,util_memcpy,0.9090909090909091,10,11,1
0x0001e560,util_memsearch,0x004115b0,util_memsearch,0.8333333333333334,10,12,1
0x0001dfa8,util_strcmp,0x00410e20,util_strcmp,0.9,9,10,1
0x0001e040,util_strcpy,0x00410eec,util_strcpy,0.6,3,5,1
0x0001e630,util_stristr,0x004116b0,util_stristr,0.9375,15,16,1
0x0001dea8,util_strlen,0x00410cd0,util_strlen,1.0,9,9,1
0x0001defc,util_strncmp,0x00410d34,util_strncmp,0.9090909090909091,10,11,1
0x0001e0fc,util_zero,0x00410fe8,util_zero,0.9,9,10,1
